epoch,train_loss,val_loss,val_AUROC,check,dataset,variant,seed,done
1,0.49814068401853245,0.5026116669178009,0.6047516295194315,A1_GAT_MPNN_D,rel-trial,longer,42,False
2,0.494838859885931,0.5119742155075073,0.5963616706650763,A1_GAT_MPNN_D,rel-trial,longer,42,False
3,0.4930841500560443,0.5041292309761047,0.6026139323352946,A1_GAT_MPNN_D,rel-trial,longer,42,False
4,0.49050189554691315,0.5015253722667694,0.6042780748663102,A1_GAT_MPNN_D,rel-trial,longer,42,False
5,0.4888024280468623,0.5017512142658234,0.6162241611158021,A1_GAT_MPNN_D,rel-trial,longer,42,False
6,0.4841155782341957,0.5088092088699341,0.6240869553563053,A1_GAT_MPNN_D,rel-trial,longer,42,False
7,0.48250147451957065,0.49544520676136017,0.6312036776433061,A1_GAT_MPNN_D,rel-trial,longer,42,False
8,0.47933704033493996,0.4939674139022827,0.6375475229964395,A1_GAT_MPNN_D,rel-trial,longer,42,False
9,0.4772627428174019,0.4922099709510803,0.6456738995438686,A1_GAT_MPNN_D,rel-trial,longer,42,False
10,0.4754113008578618,0.4899582415819168,0.6525449095108538,A1_GAT_MPNN_D,rel-trial,longer,42,False
11,0.4719305895268917,0.4928627163171768,0.648667122351333,A1_GAT_MPNN_D,rel-trial,longer,42,False
12,0.4713980418940385,0.4940008223056793,0.6426851442331318,A1_GAT_MPNN_D,rel-trial,longer,42,False
13,0.4693686291575432,0.4973911643028259,0.636752308578934,A1_GAT_MPNN_D,rel-trial,longer,42,False
14,0.46752814824382466,0.500300258398056,0.6458838718900639,A1_GAT_MPNN_D,rel-trial,longer,42,False
15,0.46901064614454907,0.4911591112613678,0.644798270185267,A1_GAT_MPNN_D,rel-trial,longer,42,False
16,0.4628140429655711,0.5021570920944214,0.6415414650708768,A1_GAT_MPNN_D,rel-trial,longer,42,False
17,0.46079689636826515,0.49539507925510406,0.6386822671652392,A1_GAT_MPNN_D,rel-trial,longer,42,False
18,0.45939943070213,0.5062602162361145,0.6323116168317409,A1_GAT_MPNN_D,rel-trial,longer,42,True
1,0.4999450383086999,0.5034373551607132,0.60017021162532,A1_GAT_MPNN_D,rel-trial,longer,43,False
2,0.49482568353414536,0.5037320256233215,0.597590232265155,A1_GAT_MPNN_D,rel-trial,longer,43,False
3,0.49214474732677144,0.5077739655971527,0.5953743538882859,A1_GAT_MPNN_D,rel-trial,longer,43,False
4,0.4898847738901774,0.5036999583244324,0.6077850597974438,A1_GAT_MPNN_D,rel-trial,longer,43,False
5,0.48633971561988193,0.5183970332145691,0.6195435111843781,A1_GAT_MPNN_D,rel-trial,longer,43,False
6,0.48517665018637973,0.511762946844101,0.6219827643976251,A1_GAT_MPNN_D,rel-trial,longer,43,False
7,0.4824325144290924,0.4946708232164383,0.6366272186705624,A1_GAT_MPNN_D,rel-trial,longer,43,False
8,0.4787140575548013,0.501848578453064,0.6291977716126324,A1_GAT_MPNN_D,rel-trial,longer,43,False
9,0.4766007252037525,0.49339672923088074,0.6364351163112774,A1_GAT_MPNN_D,rel-trial,longer,43,False
10,0.47495923191308975,0.496044859290123,0.6385259047797749,A1_GAT_MPNN_D,rel-trial,longer,43,False
11,0.47209517906109494,0.5041185617446899,0.6102243130106908,A1_GAT_MPNN_D,rel-trial,longer,43,False
12,0.47058582430084545,0.49429817497730255,0.6292156415995425,A1_GAT_MPNN_D,rel-trial,longer,43,False
13,0.4697071239352226,0.49314823746681213,0.6414521151363257,A1_GAT_MPNN_D,rel-trial,longer,43,False
14,0.4676833612223466,0.5008751749992371,0.6182613396235688,A1_GAT_MPNN_D,rel-trial,longer,43,False
15,0.4641440436244011,0.505134105682373,0.6198741059422174,A1_GAT_MPNN_D,rel-trial,longer,43,False
16,0.4628588780760765,0.5013463199138641,0.6150402744829989,A1_GAT_MPNN_D,rel-trial,longer,43,False
17,0.4587587006390095,0.5058169215917587,0.627084645660497,A1_GAT_MPNN_D,rel-trial,longer,43,False
18,0.45843204235037166,0.5082263648509979,0.5986624314797688,A1_GAT_MPNN_D,rel-trial,longer,43,False
19,0.4550191971162955,0.503062829375267,0.6204682830069828,A1_GAT_MPNN_D,rel-trial,longer,43,False
20,0.4543173449734847,0.5016434043645859,0.617287425336961,A1_GAT_MPNN_D,rel-trial,longer,43,False
21,0.4516584600011508,0.5087345540523529,0.6149330545615375,A1_GAT_MPNN_D,rel-trial,longer,43,True
1,0.49735401198267937,0.5021456778049469,0.5977644646375297,A1_GAT_MPNN_D,rel-trial,longer,44,False
2,0.49430058896541595,0.5023339092731476,0.605676401342036,A1_GAT_MPNN_D,rel-trial,longer,44,False
3,0.49060986439387005,0.5074442327022552,0.6127261111781236,A1_GAT_MPNN_D,rel-trial,longer,44,False
4,0.48903917769591015,0.5052743256092072,0.6182658071202962,A1_GAT_MPNN_D,rel-trial,longer,44,False
5,0.4864955209195614,0.500601053237915,0.6128154611126747,A1_GAT_MPNN_D,rel-trial,longer,44,False
6,0.48223290716608364,0.5144503116607666,0.6361179240436207,A1_GAT_MPNN_D,rel-trial,longer,44,False
7,0.48191623389720917,0.4945153445005417,0.6338618381962036,A1_GAT_MPNN_D,rel-trial,longer,44,False
8,0.4811501329143842,0.491737499833107,0.6456470945635033,A1_GAT_MPNN_D,rel-trial,longer,44,False
9,0.47619543597102165,0.5030062198638916,0.6355594869526757,A1_GAT_MPNN_D,rel-trial,longer,44,False
10,0.47686809053023654,0.4968181848526001,0.6465852688762905,A1_GAT_MPNN_D,rel-trial,longer,44,False
11,0.4718913746376832,0.4913070350885391,0.6491585469913643,A1_GAT_MPNN_D,rel-trial,longer,44,False
12,0.4712401864429315,0.49103203415870667,0.6503737061012602,A1_GAT_MPNN_D,rel-trial,longer,44,False
13,0.46794726451237995,0.4896383285522461,0.6511510505318556,A1_GAT_MPNN_D,rel-trial,longer,44,False
14,0.46889862169822055,0.5013945698738098,0.6368416585134853,A1_GAT_MPNN_D,rel-trial,longer,44,False
15,0.4668331953386466,0.49627135694026947,0.6356175644101341,A1_GAT_MPNN_D,rel-trial,longer,44,False
16,0.4639340825378895,0.4950500428676605,0.638999459432896,A1_GAT_MPNN_D,rel-trial,longer,44,False
17,0.4604789304236571,0.49903421103954315,0.6399644387260486,A1_GAT_MPNN_D,rel-trial,longer,44,False
18,0.45946494738260907,0.4914134293794632,0.6415906075348801,A1_GAT_MPNN_D,rel-trial,longer,44,False
19,0.4551780770222346,0.4941065311431885,0.6454013822434874,A1_GAT_MPNN_D,rel-trial,longer,44,False
20,0.4535575012365977,0.4938885569572449,0.6462189341446307,A1_GAT_MPNN_D,rel-trial,longer,44,False
21,0.4492134402195613,0.4947018474340439,0.6453299022958465,A1_GAT_MPNN_D,rel-trial,longer,44,True
1,0.5030618235468864,0.5081216990947723,0.587194367380126,A1_GAT_MPNN_D,rel-trial,higher_lr,42,False
2,0.49592354024449986,0.5105160176753998,0.5923587935971837,A1_GAT_MPNN_D,rel-trial,higher_lr,42,False
3,0.49516905720035237,0.5065577924251556,0.596120425841788,A1_GAT_MPNN_D,rel-trial,higher_lr,42,False
4,0.49162733058134717,0.5032399892807007,0.5984301216499359,A1_GAT_MPNN_D,rel-trial,higher_lr,42,False
5,0.4915147200226784,0.502367377281189,0.6075348799807003,A1_GAT_MPNN_D,rel-trial,higher_lr,42,False
6,0.48904556160171825,0.516586184501648,0.6240914228530328,A1_GAT_MPNN_D,rel-trial,higher_lr,42,False
7,0.4862133686741193,0.4947158694267273,0.6294970938933787,A1_GAT_MPNN_D,rel-trial,higher_lr,42,False
8,0.4825226863225301,0.4941350221633911,0.6380791551070188,A1_GAT_MPNN_D,rel-trial,higher_lr,42,False
9,0.483772882570823,0.502973347902298,0.6374336018298867,A1_GAT_MPNN_D,rel-trial,higher_lr,42,False
10,0.4796888045966625,0.496719092130661,0.6401252686082407,A1_GAT_MPNN_D,rel-trial,higher_lr,42,False
11,0.4756997513274352,0.49483589828014374,0.6417380349268894,A1_GAT_MPNN_D,rel-trial,higher_lr,42,False
12,0.475896409402291,0.4987848699092865,0.6388386295507038,A1_GAT_MPNN_D,rel-trial,higher_lr,42,False
13,0.47474566598733264,0.49611201882362366,0.6329013263997785,A1_GAT_MPNN_D,rel-trial,higher_lr,42,False
14,0.4735063202679157,0.5037050545215607,0.6519239274657233,A1_GAT_MPNN_D,rel-trial,higher_lr,42,False
15,0.47272119174400967,0.49446235597133636,0.6530408016476129,A1_GAT_MPNN_D,rel-trial,higher_lr,42,False
16,0.4686390310525894,0.49915462732315063,0.6442353655975948,A1_GAT_MPNN_D,rel-trial,higher_lr,42,False
17,0.46667804817358655,0.5021573305130005,0.6296355862919331,A1_GAT_MPNN_D,rel-trial,higher_lr,42,False
18,0.464420422911644,0.4998161047697067,0.6290369417304402,A1_GAT_MPNN_D,rel-trial,higher_lr,42,False
19,0.4648323431611061,0.5061118006706238,0.632137384459366,A1_GAT_MPNN_D,rel-trial,higher_lr,42,False
20,0.4599522314965725,0.5258931517601013,0.6244264851075997,A1_GAT_MPNN_D,rel-trial,higher_lr,42,False
21,0.4603794539968173,0.515321284532547,0.6323964992695643,A1_GAT_MPNN_D,rel-trial,higher_lr,42,False
22,0.4561193411548932,0.5103543400764465,0.6236491406770044,A1_GAT_MPNN_D,rel-trial,higher_lr,42,False
23,0.45530543600519496,0.5049357414245605,0.618370793293394,A1_GAT_MPNN_D,rel-trial,higher_lr,42,True
1,0.5030619911849499,0.504328191280365,0.5865153078775369,A1_GAT_MPNN_D,rel-trial,higher_lr,43,False
2,0.49631672849257785,0.5073902606964111,0.5868905776026518,A1_GAT_MPNN_D,rel-trial,higher_lr,43,False
3,0.49293943867087364,0.5149554014205933,0.5956155987115739,A1_GAT_MPNN_D,rel-trial,higher_lr,43,False
4,0.4906402851144473,0.5021354854106903,0.6079816296534564,A1_GAT_MPNN_D,rel-trial,higher_lr,43,False
5,0.48566142717997235,0.5144268572330475,0.6323518243022888,A1_GAT_MPNN_D,rel-trial,higher_lr,43,False
6,0.48703466604153317,0.5005438327789307,0.6424885743771194,A1_GAT_MPNN_D,rel-trial,higher_lr,43,False
7,0.48139915987849236,0.49270088970661163,0.6361760015010789,A1_GAT_MPNN_D,rel-trial,higher_lr,43,False
8,0.4790372463564078,0.4956136792898178,0.6414565826330532,A1_GAT_MPNN_D,rel-trial,higher_lr,43,False
9,0.4778659629325072,0.49506115913391113,0.6377574953426346,A1_GAT_MPNN_D,rel-trial,higher_lr,43,False
10,0.4749882407486439,0.5010969340801239,0.6299929860301378,A1_GAT_MPNN_D,rel-trial,higher_lr,43,False
11,0.4738495002190272,0.49617546796798706,0.6320882419953627,A1_GAT_MPNN_D,rel-trial,higher_lr,43,False
12,0.4715864496926467,0.4922742396593094,0.6431229589124327,A1_GAT_MPNN_D,rel-trial,higher_lr,43,False
13,0.4705292582511902,0.49318376183509827,0.635264632168657,A1_GAT_MPNN_D,rel-trial,higher_lr,43,False
14,0.4711557713647683,0.495297372341156,0.6307747979574605,A1_GAT_MPNN_D,rel-trial,higher_lr,43,False
15,0.46528389553229016,0.4987083077430725,0.627267813026327,A1_GAT_MPNN_D,rel-trial,higher_lr,43,False
16,0.46647778277595836,0.4988522082567215,0.6152770518095596,A1_GAT_MPNN_D,rel-trial,higher_lr,43,False
17,0.4629809881250064,0.4964887946844101,0.638664397178329,A1_GAT_MPNN_D,rel-trial,higher_lr,43,False
18,0.4595220523575942,0.5065397918224335,0.6117477293947883,A1_GAT_MPNN_D,rel-trial,higher_lr,43,False
19,0.4608413490156333,0.49821609258651733,0.6240020729184816,A1_GAT_MPNN_D,rel-trial,higher_lr,43,False
20,0.45628541087110835,0.4996715933084488,0.6264368586350011,A1_GAT_MPNN_D,rel-trial,higher_lr,43,True
1,0.5037508929769198,0.5051701366901398,0.5932612279361505,A1_GAT_MPNN_D,rel-trial,higher_lr,44,False
2,0.4972001301745574,0.508077472448349,0.591353606833483,A1_GAT_MPNN_D,rel-trial,higher_lr,44,False
3,0.4926995138327281,0.5032486915588379,0.5944451145689535,A1_GAT_MPNN_D,rel-trial,higher_lr,44,False
4,0.4919271692633629,0.512656033039093,0.6241025915948516,A1_GAT_MPNN_D,rel-trial,higher_lr,44,False
5,0.48793122669061023,0.5044947564601898,0.620374465575704,A1_GAT_MPNN_D,rel-trial,higher_lr,44,False
6,0.48345933109521866,0.50618776679039,0.6371320458007765,A1_GAT_MPNN_D,rel-trial,higher_lr,44,False
7,0.48217898234725,0.4943939447402954,0.6365914786967418,A1_GAT_MPNN_D,rel-trial,higher_lr,44,False
8,0.4811358538766702,0.4978283941745758,0.6458503656646071,A1_GAT_MPNN_D,rel-trial,higher_lr,44,False
9,0.4773385326067607,0.49486425518989563,0.6384901648059542,A1_GAT_MPNN_D,rel-trial,higher_lr,44,False
10,0.47793595865368843,0.49780885875225067,0.6363010914094506,A1_GAT_MPNN_D,rel-trial,higher_lr,44,False
11,0.47411857172846794,0.49528832733631134,0.6311992101465786,A1_GAT_MPNN_D,rel-trial,higher_lr,44,False
12,0.47422385588288307,0.48891760408878326,0.6499895013826902,A1_GAT_MPNN_D,rel-trial,higher_lr,44,False
13,0.4700954792400201,0.4884036034345627,0.6479969978421991,A1_GAT_MPNN_D,rel-trial,higher_lr,44,False
14,0.469083475569884,0.4965065121650696,0.6454639271976733,A1_GAT_MPNN_D,rel-trial,higher_lr,44,False
15,0.4676031942168872,0.4972286969423294,0.6403709809282565,A1_GAT_MPNN_D,rel-trial,higher_lr,44,False
16,0.46690168728431064,0.4923907667398453,0.643341866252083,A1_GAT_MPNN_D,rel-trial,higher_lr,44,False
17,0.4645323355992635,0.5052394270896912,0.6275269278365254,A1_GAT_MPNN_D,rel-trial,higher_lr,44,False
18,0.4641093884905179,0.4901587814092636,0.6423902894491131,A1_GAT_MPNN_D,rel-trial,higher_lr,44,False
19,0.4579443298280239,0.4935128837823868,0.6397634013733086,A1_GAT_MPNN_D,rel-trial,higher_lr,44,False
20,0.4559563261767228,0.49462345242500305,0.6352556971752019,A1_GAT_MPNN_D,rel-trial,higher_lr,44,True
1,1.0576768153905869,0.7667189786831538,0.8281745726762056,A2_homo_hetero_longer,rel-stack,SAGE-homo,42,False
2,0.9991890721321106,0.7929712422192097,0.8552084073014167,A2_homo_hetero_longer,rel-stack,SAGE-homo,42,False
3,0.9835939277410507,0.7588307653509435,0.8621676576879723,A2_homo_hetero_longer,rel-stack,SAGE-homo,42,False
4,0.9716561260223389,0.7916319808434873,0.8611707052637414,A2_homo_hetero_longer,rel-stack,SAGE-homo,42,False
5,0.9719473309516907,0.8333767003246716,0.8701976812985472,A2_homo_hetero_longer,rel-stack,SAGE-homo,42,False
6,0.9579450381994248,0.7746877395326183,0.8660795485699871,A2_homo_hetero_longer,rel-stack,SAGE-homo,42,False
7,0.9654185118675231,0.7129146577346892,0.8704944510060448,A2_homo_hetero_longer,rel-stack,SAGE-homo,42,False
8,0.9541335898637772,0.7471395377956686,0.8684144131908633,A2_homo_hetero_longer,rel-stack,SAGE-homo,42,False
9,0.9433464545011521,0.7616252785637265,0.8718718203045872,A2_homo_hetero_longer,rel-stack,SAGE-homo,42,False
10,0.9453855555057525,0.7157566013435522,0.8673100841539219,A2_homo_hetero_longer,rel-stack,SAGE-homo,42,False
11,0.9411709070205688,0.6853651478886604,0.8739506351062153,A2_homo_hetero_longer,rel-stack,SAGE-homo,42,False
12,0.9357660305500031,0.7948678891573634,0.8706809605729414,A2_homo_hetero_longer,rel-stack,SAGE-homo,42,False
13,0.9319871637821198,0.7088797239675408,0.871792115616423,A2_homo_hetero_longer,rel-stack,SAGE-homo,42,False
14,0.9226313160657883,0.7197620808368638,0.8732363877336173,A2_homo_hetero_longer,rel-stack,SAGE-homo,42,False
15,0.9240409189462662,0.7017751061135814,0.8749203033906853,A2_homo_hetero_longer,rel-stack,SAGE-homo,42,False
16,0.917122424006462,0.7494348617536681,0.8776750395019706,A2_homo_hetero_longer,rel-stack,SAGE-homo,42,False
17,0.9179515509605408,0.6911423910586607,0.8697968062910146,A2_homo_hetero_longer,rel-stack,SAGE-homo,42,False
18,0.9204171628952026,0.738994965950648,0.8797399636537275,A2_homo_hetero_longer,rel-stack,SAGE-homo,42,False
19,0.90919258248806,0.7613771580869243,0.8778859670813375,A2_homo_hetero_longer,rel-stack,SAGE-homo,42,False
20,0.9167027696371078,0.7188156339384261,0.8799364139344457,A2_homo_hetero_longer,rel-stack,SAGE-homo,42,False
21,0.9117976049184799,0.704675629734993,0.87809779203447,A2_homo_hetero_longer,rel-stack,SAGE-homo,42,False
22,0.9128927628993988,0.7484293360085714,0.8771684334812648,A2_homo_hetero_longer,rel-stack,SAGE-homo,42,False
23,0.9066886767148972,0.765591451632125,0.879848339558,A2_homo_hetero_longer,rel-stack,SAGE-homo,42,False
24,0.8978032851219178,0.7749951146543026,0.8811119437380754,A2_homo_hetero_longer,rel-stack,SAGE-homo,42,False
25,0.9058314199447632,0.6769025994553453,0.8791674938787302,A2_homo_hetero_longer,rel-stack,SAGE-homo,42,False
26,0.8998807866573334,0.7236345978010268,0.8794433952960224,A2_homo_hetero_longer,rel-stack,SAGE-homo,42,False
27,0.906084957242012,0.7929729578040895,0.8807475080713549,A2_homo_hetero_longer,rel-stack,SAGE-homo,42,False
28,0.8985109180212021,0.7155046803610665,0.8818408548443145,A2_homo_hetero_longer,rel-stack,SAGE-homo,42,False
29,0.9011476953029632,0.7368119499158292,0.8801681576022196,A2_homo_hetero_longer,rel-stack,SAGE-homo,42,False
30,0.8945058529376984,0.746909808190096,0.8814343122129978,A2_homo_hetero_longer,rel-stack,SAGE-homo,42,True
1,1.0717393182516097,0.877132117393471,0.8334362379920142,A2_homo_hetero_longer,rel-stack,SAGE-hetero,42,False
2,1.0220986579656601,0.8117911638248534,0.8409577663739554,A2_homo_hetero_longer,rel-stack,SAGE-hetero,42,False
3,0.9968328659534454,0.803911439897049,0.8541423322392183,A2_homo_hetero_longer,rel-stack,SAGE-hetero,42,False
4,0.9813956623077392,0.8108048919765722,0.8617675159914118,A2_homo_hetero_longer,rel-stack,SAGE-hetero,42,False
5,0.9836382640600204,0.7771310272316138,0.8649070638712414,A2_homo_hetero_longer,rel-stack,SAGE-hetero,42,False
6,0.974230926156044,0.7422384701314426,0.8582244109259517,A2_homo_hetero_longer,rel-stack,SAGE-hetero,42,False
7,0.9602965148687362,0.8284901637761366,0.8642097795971977,A2_homo_hetero_longer,rel-stack,SAGE-hetero,42,False
8,0.9680410023927689,0.7775525663580213,0.8623787791597318,A2_homo_hetero_longer,rel-stack,SAGE-hetero,42,False
9,0.9593391329050064,0.7652861208078408,0.8605421583286799,A2_homo_hetero_longer,rel-stack,SAGE-hetero,42,False
10,0.9547371526956558,0.7239386916515373,0.8683418104330285,A2_homo_hetero_longer,rel-stack,SAGE-hetero,42,False
11,0.9509980635643005,0.7542074336892083,0.8663132212184878,A2_homo_hetero_longer,rel-stack,SAGE-hetero,42,False
12,0.9400297975540162,0.7579111185457025,0.8700028443019676,A2_homo_hetero_longer,rel-stack,SAGE-hetero,42,False
13,0.949507511138916,0.7134822796852816,0.868705323867984,A2_homo_hetero_longer,rel-stack,SAGE-hetero,42,False
14,0.9334215495586395,0.7476314822477954,0.8683912604505452,A2_homo_hetero_longer,rel-stack,SAGE-hetero,42,False
15,0.9381920280456543,0.7327899209090641,0.8709340622335021,A2_homo_hetero_longer,rel-stack,SAGE-hetero,42,False
16,0.9479287004470826,0.7525901673805147,0.865825069776279,A2_homo_hetero_longer,rel-stack,SAGE-hetero,42,False
17,0.933403778553009,0.7117161374716532,0.8687275344901382,A2_homo_hetero_longer,rel-stack,SAGE-hetero,42,False
18,0.9342901844978333,0.7072332898775736,0.875966412508044,A2_homo_hetero_longer,rel-stack,SAGE-hetero,42,False
19,0.9217294939756393,0.7116317601785773,0.8730622524786495,A2_homo_hetero_longer,rel-stack,SAGE-hetero,42,False
20,0.9292258234024048,0.7837437989101523,0.8764697372728748,A2_homo_hetero_longer,rel-stack,SAGE-hetero,42,False
21,0.922662084698677,0.7640861592122487,0.8743710584442034,A2_homo_hetero_longer,rel-stack,SAGE-hetero,42,False
22,0.9196968955993652,0.7173507979937962,0.8744162652012818,A2_homo_hetero_longer,rel-stack,SAGE-hetero,42,False
23,0.9170872305631638,0.7132856810376758,0.873839385617252,A2_homo_hetero_longer,rel-stack,SAGE-hetero,42,False
24,0.9242884541749954,0.7638025120610282,0.8738461569361944,A2_homo_hetero_longer,rel-stack,SAGE-hetero,42,False
25,0.9161331017017365,0.750370419096379,0.8749335924769791,A2_homo_hetero_longer,rel-stack,SAGE-hetero,42,False
26,0.9226360961198806,0.7088612502529508,0.8733624824196152,A2_homo_hetero_longer,rel-stack,SAGE-hetero,42,True
1,1.057354628920555,0.7776373816387994,0.849549066202554,A2_homo_hetero_longer,rel-stack,SAGE-homo,43,False
2,0.9872261003255844,0.7489645140511649,0.8475429187895585,A2_homo_hetero_longer,rel-stack,SAGE-homo,43,False
3,0.976783672451973,0.6920569398928256,0.848886941082371,A2_homo_hetero_longer,rel-stack,SAGE-homo,43,False
4,0.9754971410036087,0.7554254883102008,0.8518540167073694,A2_homo_hetero_longer,rel-stack,SAGE-homo,43,False
5,0.9677547459602356,0.6910826084869248,0.863755658755693,A2_homo_hetero_longer,rel-stack,SAGE-homo,43,False
6,0.9726682955026626,0.7270603343134835,0.8697479429222755,A2_homo_hetero_longer,rel-stack,SAGE-homo,43,False
7,0.9510842173099517,0.705253074743918,0.8660724043810593,A2_homo_hetero_longer,rel-stack,SAGE-homo,43,False
8,0.9533911085128784,0.7131388111128694,0.862028134710886,A2_homo_hetero_longer,rel-stack,SAGE-homo,43,False
9,0.9451209717988968,0.7039798831655866,0.8700275059228284,A2_homo_hetero_longer,rel-stack,SAGE-homo,43,False
10,0.9538224337100982,0.7525896594992706,0.8715083018980322,A2_homo_hetero_longer,rel-stack,SAGE-homo,43,False
11,0.9453019441366196,0.7600631568403471,0.8672449064804042,A2_homo_hetero_longer,rel-stack,SAGE-homo,43,False
12,0.9368564392328262,0.7340086388091246,0.8685079115827024,A2_homo_hetero_longer,rel-stack,SAGE-homo,43,False
13,0.9395402245521546,0.7941748538897151,0.8731610605390865,A2_homo_hetero_longer,rel-stack,SAGE-homo,43,False
14,0.9305806486606598,0.7417754912305445,0.8715789185017425,A2_homo_hetero_longer,rel-stack,SAGE-homo,43,False
15,0.9278479807376862,0.7174321028093497,0.8684447474071081,A2_homo_hetero_longer,rel-stack,SAGE-homo,43,False
16,0.9224350632429122,0.7244235910475254,0.8706715269623008,A2_homo_hetero_longer,rel-stack,SAGE-homo,43,False
17,0.9288984776735306,0.8037700106700262,0.8773208552740597,A2_homo_hetero_longer,rel-stack,SAGE-homo,43,False
18,0.9175224496126175,0.6998039808656488,0.8687311687295997,A2_homo_hetero_longer,rel-stack,SAGE-homo,43,False
19,0.9118292356729507,0.7369841917284897,0.8698351099817557,A2_homo_hetero_longer,rel-stack,SAGE-homo,43,False
20,0.9120883914232254,0.7151810489594936,0.8758136675612611,A2_homo_hetero_longer,rel-stack,SAGE-homo,43,False
21,0.9052561140060424,0.6986513921902293,0.8761224088811028,A2_homo_hetero_longer,rel-stack,SAGE-homo,43,False
22,0.908914949297905,0.7427608083401408,0.879452202485087,A2_homo_hetero_longer,rel-stack,SAGE-homo,43,False
23,0.9081549752950668,0.7026941338110537,0.8768033564781689,A2_homo_hetero_longer,rel-stack,SAGE-homo,43,False
24,0.9028253600597381,0.7827640555444217,0.8747470406514839,A2_homo_hetero_longer,rel-stack,SAGE-homo,43,False
25,0.9114850407838821,0.6911965890654496,0.8748839808824687,A2_homo_hetero_longer,rel-stack,SAGE-homo,43,False
26,0.9065672904253006,0.6903702089829105,0.8784221640641162,A2_homo_hetero_longer,rel-stack,SAGE-homo,43,False
27,0.8983923219442368,0.7455155429031167,0.8763027834938332,A2_homo_hetero_longer,rel-stack,SAGE-homo,43,False
28,0.9006212445497512,0.6987752515290465,0.8782383615333162,A2_homo_hetero_longer,rel-stack,SAGE-homo,43,True
1,1.0774148918390274,0.7612933308950492,0.8333829896722422,A2_homo_hetero_longer,rel-stack,SAGE-hetero,43,False
2,1.012598078250885,0.7384871799676191,0.8421344495887411,A2_homo_hetero_longer,rel-stack,SAGE-hetero,43,False
3,0.9879055919647217,0.791093481083711,0.8452289672032859,A2_homo_hetero_longer,rel-stack,SAGE-hetero,43,False
4,0.9790800315141678,0.7482256131867567,0.8541173151489712,A2_homo_hetero_longer,rel-stack,SAGE-hetero,43,False
5,0.9742415641546249,0.7821227862011819,0.8549739043957478,A2_homo_hetero_longer,rel-stack,SAGE-hetero,43,False
6,0.9811617197990418,0.7374125435238793,0.8673721595491579,A2_homo_hetero_longer,rel-stack,SAGE-hetero,43,False
7,0.9652117283344269,0.7657714092305729,0.8558663935647571,A2_homo_hetero_longer,rel-stack,SAGE-hetero,43,False
8,0.9720999411344529,0.7956862371592295,0.8620886689101805,A2_homo_hetero_longer,rel-stack,SAGE-hetero,43,False
9,0.9556342651844024,0.7702594404774052,0.8658776941602748,A2_homo_hetero_longer,rel-stack,SAGE-hetero,43,False
10,0.9545138359069825,0.7148455101109686,0.8600993329619447,A2_homo_hetero_longer,rel-stack,SAGE-hetero,43,False
11,0.9597717953920364,0.76565061687004,0.859417542678711,A2_homo_hetero_longer,rel-stack,SAGE-hetero,43,False
12,0.9439061719179154,0.7106135040521622,0.8673870519763905,A2_homo_hetero_longer,rel-stack,SAGE-hetero,43,False
13,0.9475578563213348,0.7742350624785537,0.8577174593790591,A2_homo_hetero_longer,rel-stack,SAGE-hetero,43,False
14,0.9352534329891204,0.7078179764960494,0.8698554910551797,A2_homo_hetero_longer,rel-stack,SAGE-hetero,43,False
15,0.9426404881477356,0.7545925967750096,0.8682648948123578,A2_homo_hetero_longer,rel-stack,SAGE-hetero,43,False
16,0.9394845677614212,0.7218743692196551,0.8771811135465819,A2_homo_hetero_longer,rel-stack,SAGE-hetero,43,False
17,0.9393032079935074,0.7627867389292944,0.867133189661059,A2_homo_hetero_longer,rel-stack,SAGE-hetero,43,False
18,0.924813779592514,0.6912076884791964,0.8716984183605915,A2_homo_hetero_longer,rel-stack,SAGE-hetero,43,False
19,0.9321820191144943,0.7748533274446215,0.8713289564064624,A2_homo_hetero_longer,rel-stack,SAGE-hetero,43,False
20,0.9246234623193741,0.7390372691055139,0.8671750505314648,A2_homo_hetero_longer,rel-stack,SAGE-hetero,43,False
21,0.9274802091121673,0.8145578673907689,0.8748046092914914,A2_homo_hetero_longer,rel-stack,SAGE-hetero,43,False
22,0.9293472608327865,0.6962651337186495,0.8736109356343527,A2_homo_hetero_longer,rel-stack,SAGE-hetero,43,True
1,1.0568885090351106,0.7817571257196722,0.8371891843422824,A2_homo_hetero_longer,rel-stack,SAGE-homo,44,False
2,0.9925216929912567,0.7864059642666862,0.8483575551913327,A2_homo_hetero_longer,rel-stack,SAGE-homo,44,False
3,0.9844289373159408,0.8193319415052732,0.8618203019524014,A2_homo_hetero_longer,rel-stack,SAGE-homo,44,False
4,0.9689657152891159,0.779994113104684,0.8553525339799277,A2_homo_hetero_longer,rel-stack,SAGE-homo,44,False
5,0.9610122214555741,0.7754897081426212,0.8670416749375445,A2_homo_hetero_longer,rel-stack,SAGE-homo,44,False
6,0.9536099871397018,0.72419169261342,0.8715949295389327,A2_homo_hetero_longer,rel-stack,SAGE-homo,44,False
7,0.948767145395279,0.7178911376921904,0.8712290073638691,A2_homo_hetero_longer,rel-stack,SAGE-homo,44,False
8,0.9451885710954666,0.7413669212588242,0.871488979775368,A2_homo_hetero_longer,rel-stack,SAGE-homo,44,False
9,0.9422777210474014,0.72792324015782,0.863499653680843,A2_homo_hetero_longer,rel-stack,SAGE-homo,44,False
10,0.9475274834632873,0.74706885058965,0.872240842272133,A2_homo_hetero_longer,rel-stack,SAGE-homo,44,False
11,0.9398341211080551,0.6921436385739417,0.867276896239386,A2_homo_hetero_longer,rel-stack,SAGE-homo,44,False
12,0.9403487151861191,0.7385597702647958,0.8756692848453601,A2_homo_hetero_longer,rel-stack,SAGE-homo,44,False
13,0.9346415628194809,0.7513186030444645,0.8787129231074426,A2_homo_hetero_longer,rel-stack,SAGE-homo,44,False
14,0.9326711409091949,0.7124075213713306,0.8748113632098343,A2_homo_hetero_longer,rel-stack,SAGE-homo,44,False
15,0.9223281775712967,0.7391101446534906,0.8769278751670266,A2_homo_hetero_longer,rel-stack,SAGE-homo,44,False
16,0.9268394068479539,0.8144580973755746,0.8763388773084587,A2_homo_hetero_longer,rel-stack,SAGE-homo,44,False
17,0.9285529633760452,0.7074042840727738,0.8795926874667366,A2_homo_hetero_longer,rel-stack,SAGE-homo,44,False
18,0.9229236812591552,0.7344084115965026,0.8787216930095086,A2_homo_hetero_longer,rel-stack,SAGE-homo,44,False
19,0.9198483451604843,0.7225196785515263,0.8785114266529167,A2_homo_hetero_longer,rel-stack,SAGE-homo,44,False
20,0.9134360698461532,0.7381275328142303,0.8769663404347615,A2_homo_hetero_longer,rel-stack,SAGE-homo,44,False
21,0.9127924122810364,0.7441228771848338,0.8773032558107301,A2_homo_hetero_longer,rel-stack,SAGE-homo,44,False
22,0.9133597649335862,0.7404586004004592,0.8781916284950962,A2_homo_hetero_longer,rel-stack,SAGE-homo,44,False
23,0.9046938267946243,0.6804226023100671,0.8735104397157802,A2_homo_hetero_longer,rel-stack,SAGE-homo,44,True
1,1.0734780331850051,0.7746293993578071,0.8270584261465144,A2_homo_hetero_longer,rel-stack,SAGE-hetero,44,False
2,1.0114961627721786,0.7935534250878152,0.8445302038782982,A2_homo_hetero_longer,rel-stack,SAGE-hetero,44,False
3,1.005720369696617,0.7828090614860966,0.8501945091195721,A2_homo_hetero_longer,rel-stack,SAGE-hetero,44,False
4,0.9887163721323013,0.737169355508827,0.8484653171030287,A2_homo_hetero_longer,rel-stack,SAGE-hetero,44,False
5,0.9818769229650497,0.8396801274447214,0.8426144500930601,A2_homo_hetero_longer,rel-stack,SAGE-hetero,44,False
6,0.9727997555732727,0.7401407151704743,0.8556617451159513,A2_homo_hetero_longer,rel-stack,SAGE-hetero,44,False
7,0.9885504287481308,0.770766308265073,0.8521044610478312,A2_homo_hetero_longer,rel-stack,SAGE-hetero,44,False
8,0.9774043856859207,0.7347198919880957,0.8526910799958897,A2_homo_hetero_longer,rel-stack,SAGE-hetero,44,False
9,0.9626510573625564,0.767936897242353,0.8641837408431894,A2_homo_hetero_longer,rel-stack,SAGE-hetero,44,False
10,0.9680434976816177,0.7422709259248915,0.8595984417952215,A2_homo_hetero_longer,rel-stack,SAGE-hetero,44,False
11,0.9565563123226166,0.7238411683411825,0.8650740350508824,A2_homo_hetero_longer,rel-stack,SAGE-hetero,44,False
12,0.9522006038427353,0.7300456132562387,0.8661791247425948,A2_homo_hetero_longer,rel-stack,SAGE-hetero,44,False
13,0.9414343874454498,0.8147258723065967,0.8654665105405348,A2_homo_hetero_longer,rel-stack,SAGE-hetero,44,False
14,0.9452505130767822,0.7608901306632019,0.8685941240950189,A2_homo_hetero_longer,rel-stack,SAGE-hetero,44,False
15,0.9390303294658661,0.7485752976721242,0.8670230513246536,A2_homo_hetero_longer,rel-stack,SAGE-hetero,44,False
16,0.9348392895460129,0.7432025596499443,0.8624589337776789,A2_homo_hetero_longer,rel-stack,SAGE-hetero,44,False
17,0.9322724342346191,0.7488092691415832,0.8602718549327745,A2_homo_hetero_longer,rel-stack,SAGE-hetero,44,False
18,0.9378692594766617,0.7472695385416349,0.8710200485380273,A2_homo_hetero_longer,rel-stack,SAGE-hetero,44,False
19,0.9257935732603073,0.7285545255456652,0.8670645219244743,A2_homo_hetero_longer,rel-stack,SAGE-hetero,44,False
20,0.9324125570058822,0.7446340943376223,0.8716722105721896,A2_homo_hetero_longer,rel-stack,SAGE-hetero,44,False
21,0.9153741661310196,0.7298049689048812,0.86534034376634,A2_homo_hetero_longer,rel-stack,SAGE-hetero,44,False
22,0.9194400688409805,0.7450278394279026,0.876365440566247,A2_homo_hetero_longer,rel-stack,SAGE-hetero,44,False
23,0.9196008332967758,0.7329781317994708,0.874575898299602,A2_homo_hetero_longer,rel-stack,SAGE-hetero,44,False
24,0.9112967005968093,0.7467015387401694,0.8723240121653655,A2_homo_hetero_longer,rel-stack,SAGE-hetero,44,False
25,0.9093655943870544,0.7149257725548177,0.8717620448949682,A2_homo_hetero_longer,rel-stack,SAGE-hetero,44,False
26,0.9095559085607529,0.7272613587833586,0.8777300403106758,A2_homo_hetero_longer,rel-stack,SAGE-hetero,44,False
27,0.9097242165803909,0.7002447488762084,0.8706613848986868,A2_homo_hetero_longer,rel-stack,SAGE-hetero,44,False
28,0.909364471077919,0.7261776129404703,0.8747366027776816,A2_homo_hetero_longer,rel-stack,SAGE-hetero,44,False
29,0.9022803410291672,0.7400436195589247,0.8748603483827686,A2_homo_hetero_longer,rel-stack,SAGE-hetero,44,False
30,0.8997934818267822,0.7189834449617636,0.8698108112876813,A2_homo_hetero_longer,rel-stack,SAGE-hetero,44,True
1,1.0723602435588837,0.8662248699083215,0.8378197348320676,A2_mean_aggregation,rel-stack,SAGE-hetero-mean,42,False
2,1.018019879579544,0.8476944308550585,0.8440290293303855,A2_mean_aggregation,rel-stack,SAGE-hetero-mean,42,False
3,1.0007602699995042,0.8392348147573925,0.8506334392378554,A2_mean_aggregation,rel-stack,SAGE-hetero-mean,42,False
4,0.9924067178964615,0.789943769041981,0.8470059785526078,A2_mean_aggregation,rel-stack,SAGE-hetero-mean,42,False
5,0.9763439174890518,0.7759805401521069,0.8447198679252749,A2_mean_aggregation,rel-stack,SAGE-hetero-mean,42,False
6,0.9763249942064285,0.84121350713429,0.8589350091442883,A2_mean_aggregation,rel-stack,SAGE-hetero-mean,42,False
7,0.9695977354049683,0.769985429055634,0.8643251505424039,A2_mean_aggregation,rel-stack,SAGE-hetero-mean,42,False
8,0.9692383102178573,0.7380231746605465,0.8582769159915521,A2_mean_aggregation,rel-stack,SAGE-hetero-mean,42,False
9,0.9631353513002395,0.7697312157778513,0.8536177091407988,A2_mean_aggregation,rel-stack,SAGE-hetero-mean,42,False
10,0.9613791904449462,0.7520110394273486,0.8516570344654716,A2_mean_aggregation,rel-stack,SAGE-hetero-mean,42,True
1,1.0812217906713486,0.7691066761811575,0.8504928473668097,A2_mean_aggregation,rel-stack,SAGE-hetero-mean,43,False
2,1.0160610615015029,0.752412407703343,0.8415875338367703,A2_mean_aggregation,rel-stack,SAGE-hetero-mean,43,False
3,0.9904630525112152,0.7946101137924761,0.8531786696473198,A2_mean_aggregation,rel-stack,SAGE-hetero-mean,43,False
4,0.9805460736751557,0.7805673439233076,0.8522085539188669,A2_mean_aggregation,rel-stack,SAGE-hetero-mean,43,False
5,0.9844179090261459,0.7124958868537631,0.8566863396351294,A2_mean_aggregation,rel-stack,SAGE-hetero-mean,43,False
6,0.9739380923509597,0.7984662304321924,0.8522691825785578,A2_mean_aggregation,rel-stack,SAGE-hetero-mean,43,False
7,0.9747476757764816,0.715428949821563,0.8534140972705535,A2_mean_aggregation,rel-stack,SAGE-hetero-mean,43,False
8,0.9672760472297669,0.705552814971833,0.8673915413310196,A2_mean_aggregation,rel-stack,SAGE-hetero-mean,43,False
9,0.954475484251976,0.7718396406798136,0.8643644236951081,A2_mean_aggregation,rel-stack,SAGE-hetero-mean,43,False
10,0.9514685549736023,0.7434036378704366,0.8677778172357081,A2_mean_aggregation,rel-stack,SAGE-hetero-mean,43,True
1,1.0795778955221176,0.7943190204955283,0.8110476400220884,A2_mean_aggregation,rel-stack,SAGE-hetero-mean,44,False
2,1.0133581480979919,0.712610332383996,0.8458104082301414,A2_mean_aggregation,rel-stack,SAGE-hetero-mean,44,False
3,0.9983675630092621,0.7645195048479807,0.8443856745002027,A2_mean_aggregation,rel-stack,SAGE-hetero-mean,44,False
4,0.9855150537490844,0.7903896701477823,0.85154653320228,A2_mean_aggregation,rel-stack,SAGE-hetero-mean,44,False
5,0.9769592579603196,0.7870890148693607,0.8460742808616917,A2_mean_aggregation,rel-stack,SAGE-hetero-mean,44,False
6,0.9805277005434037,0.745647830445142,0.8513927119041382,A2_mean_aggregation,rel-stack,SAGE-hetero-mean,44,False
7,0.9724613912105561,0.7926947369816757,0.852302422694892,A2_mean_aggregation,rel-stack,SAGE-hetero-mean,44,False
8,0.969220445394516,0.7597642046000276,0.8583809790329886,A2_mean_aggregation,rel-stack,SAGE-hetero-mean,44,False
9,0.9635791029930115,0.7484747189141455,0.8639884315446277,A2_mean_aggregation,rel-stack,SAGE-hetero-mean,44,False
10,0.9493785039186478,0.784892159381083,0.8655964582163858,A2_mean_aggregation,rel-stack,SAGE-hetero-mean,44,True
1,0.49329283088445663,0.4896622598171234,0.6613503455608718,A2_mean_aggregation,rel-trial,SAGE-hetero-mean,42,False
2,0.47324731200933456,0.4772871881723404,0.6782642881714088,A2_mean_aggregation,rel-trial,SAGE-hetero-mean,42,False
3,0.4640965995689233,0.47856564819812775,0.6766693918396705,A2_mean_aggregation,rel-trial,SAGE-hetero-mean,42,False
4,0.4576166595021884,0.483031302690506,0.6744624484562565,A2_mean_aggregation,rel-trial,SAGE-hetero-mean,42,False
5,0.45481160407265026,0.47280336916446686,0.6819767779520103,A2_mean_aggregation,rel-trial,SAGE-hetero-mean,42,False
6,0.44619080424308777,0.48947298526763916,0.6765443019312989,A2_mean_aggregation,rel-trial,SAGE-hetero-mean,42,False
7,0.4435138205687205,0.4821571111679077,0.6822314252654809,A2_mean_aggregation,rel-trial,SAGE-hetero-mean,42,False
8,0.4361908808350563,0.4747520238161087,0.6790282301118215,A2_mean_aggregation,rel-trial,SAGE-hetero-mean,42,False
9,0.43699287498990697,0.4744551181793213,0.6861092124250019,A2_mean_aggregation,rel-trial,SAGE-hetero-mean,42,False
10,0.4306068904697895,0.48322324454784393,0.6779426284070247,A2_mean_aggregation,rel-trial,SAGE-hetero-mean,42,True
1,0.49505312864979106,0.49083615839481354,0.6697849793825026,A2_mean_aggregation,rel-trial,SAGE-hetero-mean,43,False
2,0.47266235078374547,0.47915780544281006,0.6775494886949996,A2_mean_aggregation,rel-trial,SAGE-hetero-mean,43,False
3,0.46400025486946106,0.47652359306812286,0.6895715223888599,A2_mean_aggregation,rel-trial,SAGE-hetero-mean,43,False
4,0.45937104026476544,0.48772117495536804,0.6863906647188383,A2_mean_aggregation,rel-trial,SAGE-hetero-mean,43,False
5,0.452976015706857,0.48108920454978943,0.6889862803175497,A2_mean_aggregation,rel-trial,SAGE-hetero-mean,43,False
6,0.44465189923842746,0.4720548242330551,0.6841435138648762,A2_mean_aggregation,rel-trial,SAGE-hetero-mean,43,True
1,0.4933656280239423,0.4925876557826996,0.6632311616831741,A2_mean_aggregation,rel-trial,SAGE-hetero-mean,44,False
2,0.47061630462606746,0.47604936361312866,0.6778220059953807,A2_mean_aggregation,rel-trial,SAGE-hetero-mean,44,False
3,0.4642189455529054,0.482615202665329,0.6792918124187474,A2_mean_aggregation,rel-trial,SAGE-hetero-mean,44,False
4,0.45668794090549153,0.47906869649887085,0.6696732919643137,A2_mean_aggregation,rel-trial,SAGE-hetero-mean,44,False
5,0.4581165922184785,0.4979763925075531,0.6749583405930155,A2_mean_aggregation,rel-trial,SAGE-hetero-mean,44,False
6,0.4472179723282655,0.49482882022857666,0.6720723377070126,A2_mean_aggregation,rel-trial,SAGE-hetero-mean,44,True
1,1.3145270744959514,1.032105803489685,0.7255107289829511,A3_llm,rel-stack,longer,42,False
2,1.2807913223902385,0.9662707448005676,0.7258873456790124,A3_llm,rel-stack,longer,42,False
3,1.2043524185816448,0.9440382122993469,0.7395006613756614,A3_llm,rel-stack,longer,42,False
4,1.1662174264589946,0.9069522023200989,0.7417419900058789,A3_llm,rel-stack,longer,42,False
5,1.12710539996624,0.8766191005706787,0.7585519547325102,A3_llm,rel-stack,longer,42,False
6,1.081422969698906,0.9808943569660187,0.7703740446796002,A3_llm,rel-stack,longer,42,False
7,1.0518308132886887,0.9043728858232498,0.7725602586713698,A3_llm,rel-stack,longer,42,False
8,1.0125753929217656,0.8679155856370926,0.7754997060552616,A3_llm,rel-stack,longer,42,False
9,0.9480170160531998,0.852209284901619,0.7769694297472075,A3_llm,rel-stack,longer,42,False
10,0.9297652890284857,0.8206957131624222,0.7686103762492651,A3_llm,rel-stack,longer,42,False
11,0.8877371499935786,0.9055897146463394,0.781332671957672,A3_llm,rel-stack,longer,42,False
12,0.8232131948073705,0.9184803068637848,0.7730930335097002,A3_llm,rel-stack,longer,42,False
13,0.7600396573543549,1.0063779950141907,0.7782554379776602,A3_llm,rel-stack,longer,42,False
14,0.7265545179446539,1.1508272290229797,0.7726613021751911,A3_llm,rel-stack,longer,42,False
15,0.6859447459379832,1.2318664193153381,0.77758487654321,A3_llm,rel-stack,longer,42,False
16,0.6164472748835882,1.3111439645290375,0.7710537918871252,A3_llm,rel-stack,longer,42,False
17,0.5918636620044708,1.2236690372228622,0.7709619341563787,A3_llm,rel-stack,longer,42,True
1,1.3254976272583008,1.0277594923973083,0.7204126249265138,A3_llm,rel-stack,longer,43,False
2,1.302029420932134,0.9793831259012222,0.7235817166372721,A3_llm,rel-stack,longer,43,False
3,1.2054332594076793,0.9485617130994797,0.7401252939447384,A3_llm,rel-stack,longer,43,False
4,1.1673889408508937,1.0311889350414276,0.753233392122281,A3_llm,rel-stack,longer,43,False
5,1.1138408184051514,0.9038393944501877,0.7659281305114638,A3_llm,rel-stack,longer,43,False
6,1.0506132046381633,0.8507446646690369,0.7756191211052322,A3_llm,rel-stack,longer,43,False
7,0.996700718998909,0.9026599228382111,0.7743422986478543,A3_llm,rel-stack,longer,43,False
8,0.9645901024341583,0.8442176729440689,0.7712650646678425,A3_llm,rel-stack,longer,43,False
9,0.8892242262760798,0.8456266075372696,0.7664241622574957,A3_llm,rel-stack,longer,43,False
10,0.8812945882479349,0.8973482400178909,0.7768500146972369,A3_llm,rel-stack,longer,43,False
11,0.7982259889443716,0.9748780876398087,0.7738278953556732,A3_llm,rel-stack,longer,43,False
12,0.7263934363921484,1.11701500415802,0.7719356261022928,A3_llm,rel-stack,longer,43,False
13,0.6719068810343742,1.1875905990600586,0.7639072604350382,A3_llm,rel-stack,longer,43,False
14,0.6561553254723549,1.3402757346630096,0.7460225602586714,A3_llm,rel-stack,longer,43,False
15,0.5817676062385241,1.68605737388134,0.7342463991769547,A3_llm,rel-stack,longer,43,False
16,0.6012852589289347,1.6360024809837341,0.7538396531452087,A3_llm,rel-stack,longer,43,True
1,1.3154618839422862,1.0322336703538895,0.7230305702527925,A3_llm,rel-stack,longer,44,False
2,1.2820952236652374,0.955676257610321,0.725951646090535,A3_llm,rel-stack,longer,44,False
3,1.182948390642802,1.0230922996997833,0.7421002351557907,A3_llm,rel-stack,longer,44,False
4,1.17304161687692,0.87823186814785,0.7435883303938858,A3_llm,rel-stack,longer,44,False
5,1.1086735477050145,0.8323237597942352,0.7632550705467371,A3_llm,rel-stack,longer,44,False
6,1.0571545908848445,0.8133545368909836,0.7658454585537919,A3_llm,rel-stack,longer,44,False
7,1.06040092309316,0.8260701149702072,0.7707506613756614,A3_llm,rel-stack,longer,44,False
8,1.001624936858813,0.8321861624717712,0.7690145502645502,A3_llm,rel-stack,longer,44,False
9,0.9380538413921992,0.8291225880384445,0.7710537918871252,A3_llm,rel-stack,longer,44,False
10,0.8864804059267044,0.8545494228601456,0.7769326866549089,A3_llm,rel-stack,longer,44,False
11,0.8406416773796082,0.8905084133148193,0.7710905349794237,A3_llm,rel-stack,longer,44,False
12,0.7990762889385223,1.0078588277101517,0.7710997207524986,A3_llm,rel-stack,longer,44,False
13,0.7587877959012985,1.0174118131399155,0.770870076425632,A3_llm,rel-stack,longer,44,False
14,0.6815778861443201,1.282910794019699,0.76168430335097,A3_llm,rel-stack,longer,44,False
15,0.6827361285686493,1.1309966295957565,0.770897633744856,A3_llm,rel-stack,longer,44,False
16,0.7003625134627024,1.1279573887586594,0.7765101410934744,A3_llm,rel-stack,longer,44,True
1,1.3101122677326202,1.0094653517007828,0.7236368312757202,A3_llm,rel-stack,proj_high_lr,42,False
2,1.2158864736557007,0.9048932641744614,0.7299566431510875,A3_llm,rel-stack,proj_high_lr,42,False
3,1.1442153702179592,0.9188877940177917,0.7478229717813051,A3_llm,rel-stack,proj_high_lr,42,False
4,1.1038248737653096,0.8744499832391739,0.7535365226337448,A3_llm,rel-stack,proj_high_lr,42,False
5,1.0802762806415558,0.8385910838842392,0.7691707084068196,A3_llm,rel-stack,proj_high_lr,42,False
6,1.0098797728617985,0.9723757952451706,0.7617486037624926,A3_llm,rel-stack,proj_high_lr,42,False
7,1.010072221358617,0.8718187361955643,0.763668430335097,A3_llm,rel-stack,proj_high_lr,42,False
8,0.9387871474027634,0.8107372969388962,0.7719539976484422,A3_llm,rel-stack,proj_high_lr,42,False
9,0.8627945184707642,0.8988174051046371,0.7717335390946503,A3_llm,rel-stack,proj_high_lr,42,False
10,0.8195017029841741,0.8257545530796051,0.7762621252204586,A3_llm,rel-stack,proj_high_lr,42,False
11,0.7468445350726446,0.9668397605419159,0.772826646090535,A3_llm,rel-stack,proj_high_lr,42,False
12,0.6963092982769012,1.1196149289608002,0.7686746766607877,A3_llm,rel-stack,proj_high_lr,42,False
13,0.6672160625457764,0.9646233022212982,0.7728817607289828,A3_llm,rel-stack,proj_high_lr,42,False
14,0.6346090833346049,1.0667244344949722,0.7718253968253969,A3_llm,rel-stack,proj_high_lr,42,False
15,0.5959601054588953,1.038319543004036,0.7546020723104058,A3_llm,rel-stack,proj_high_lr,42,False
16,0.516808328529199,1.1321995556354523,0.7600400499706055,A3_llm,rel-stack,proj_high_lr,42,True
1,1.3239366511503856,1.015975758433342,0.7171149323927102,A3_llm,rel-stack,proj_high_lr,43,False
2,1.2647431095441182,0.9550966024398804,0.7395006613756614,A3_llm,rel-stack,proj_high_lr,43,False
3,1.1544110576311748,0.9105426073074341,0.7469503233392122,A3_llm,rel-stack,proj_high_lr,43,False
4,1.0834424545367558,0.8436607122421265,0.7565586419753086,A3_llm,rel-stack,proj_high_lr,43,False
5,1.0389474481344223,0.9251675754785538,0.7749944885361552,A3_llm,rel-stack,proj_high_lr,43,False
6,0.9655324369668961,0.8583339303731918,0.7522045855379189,A3_llm,rel-stack,proj_high_lr,43,False
7,0.9299949506918589,0.8705075085163116,0.7768592004703117,A3_llm,rel-stack,proj_high_lr,43,False
8,0.9042352735996246,0.9144504368305206,0.7634939006466783,A3_llm,rel-stack,proj_high_lr,43,False
9,0.8082173019647598,0.8616097867488861,0.7617945326278659,A3_llm,rel-stack,proj_high_lr,43,False
10,0.7560829222202301,0.9974149763584137,0.757146531452087,A3_llm,rel-stack,proj_high_lr,43,False
11,0.7233306666215261,0.9208345860242844,0.7563932980599647,A3_llm,rel-stack,proj_high_lr,43,False
12,0.6603831251462301,1.0168646574020386,0.7729276895943563,A3_llm,rel-stack,proj_high_lr,43,False
13,0.5997345348199209,1.5158096104860306,0.7621987066431511,A3_llm,rel-stack,proj_high_lr,43,True
1,1.3113471964995067,1.0057733356952667,0.7190806878306878,A3_llm,rel-stack,proj_high_lr,44,False
2,1.237578938404719,1.0865875035524368,0.737498162845385,A3_llm,rel-stack,proj_high_lr,44,False
3,1.161853313446045,0.990965723991394,0.7587356701940036,A3_llm,rel-stack,proj_high_lr,44,False
4,1.1327835768461227,0.8637301176786423,0.7665435773074661,A3_llm,rel-stack,proj_high_lr,44,False
5,1.046143780152003,0.8547253012657166,0.74864050558495,A3_llm,rel-stack,proj_high_lr,44,False
6,0.9858388205369314,0.8550615608692169,0.7808182686654909,A3_llm,rel-stack,proj_high_lr,44,False
7,0.9294112275044123,0.8300841003656387,0.7779155643738977,A3_llm,rel-stack,proj_high_lr,44,False
8,0.8665055086215337,0.9108610153198242,0.7847038506760728,A3_llm,rel-stack,proj_high_lr,44,False
9,0.8282845914363861,0.9208120256662369,0.7715590094062317,A3_llm,rel-stack,proj_high_lr,44,False
10,0.7483436316251755,0.9401800483465195,0.7819389329805997,A3_llm,rel-stack,proj_high_lr,44,False
11,0.6748286833365759,0.9926877915859222,0.7618863903586126,A3_llm,rel-stack,proj_high_lr,44,False
12,0.6908803110321363,1.1543518751859665,0.7536559376837154,A3_llm,rel-stack,proj_high_lr,44,False
13,0.6345964322487513,1.1281366646289825,0.762961125808348,A3_llm,rel-stack,proj_high_lr,44,False
14,0.6120885262886683,1.0115665346384048,0.7550981040564374,A3_llm,rel-stack,proj_high_lr,44,True
1,0.5025631934404373,0.5184321701526642,0.522339717386157,A3_llm,rel-trial,longer,42,False
2,0.5021610880891482,0.5179254114627838,0.5574430729229491,A3_llm,rel-trial,longer,42,False
3,0.5016185368100802,0.5154751539230347,0.5963058269559818,A3_llm,rel-trial,longer,42,False
4,0.4954625815153122,0.50984326004982,0.6088215190382373,A3_llm,rel-trial,longer,42,False
5,0.4821394185225169,0.4979923218488693,0.6129271485308636,A3_llm,rel-trial,longer,42,False
6,0.47450434416532516,0.4971148669719696,0.6222686841881888,A3_llm,rel-trial,longer,42,False
7,0.46578804155190784,0.5005650520324707,0.6333302060856241,A3_llm,rel-trial,longer,42,False
8,0.45975476255019504,0.4836403429508209,0.6419882147436328,A3_llm,rel-trial,longer,42,False
9,0.4590371549129486,0.4972124546766281,0.6429107528178736,A3_llm,rel-trial,longer,42,False
10,0.4500112111369769,0.4949653446674347,0.6443515205125112,A3_llm,rel-trial,longer,42,False
11,0.4453044335047404,0.4855964779853821,0.6503290311339849,A3_llm,rel-trial,longer,42,False
12,0.4444480339686076,0.5049123018980026,0.6361938714879891,A3_llm,rel-trial,longer,42,False
13,0.43561900158723194,0.4964502155780792,0.6467907737257582,A3_llm,rel-trial,longer,42,False
14,0.42786869903405506,0.5096566081047058,0.634281782888594,A3_llm,rel-trial,longer,42,False
15,0.4240184749166171,0.5123256593942642,0.6440387957415823,A3_llm,rel-trial,longer,42,False
16,0.41401490569114685,0.5200971215963364,0.6366316861672899,A3_llm,rel-trial,longer,42,False
17,0.40881063789129257,0.5125114023685455,0.6332319211576177,A3_llm,rel-trial,longer,42,True
1,0.5026234611868858,0.5181235373020172,0.6059489186424171,A3_llm,rel-trial,longer,43,False
2,0.5024397894740105,0.5180919766426086,0.6163068098052618,A3_llm,rel-trial,longer,43,False
3,0.5015764161944389,0.5179837942123413,0.6103762078994277,A3_llm,rel-trial,longer,43,False
4,0.4942663883169492,0.5117970407009125,0.6130209659621424,A3_llm,rel-trial,longer,43,False
5,0.48262403160333633,0.5018454939126968,0.6063107858773493,A3_llm,rel-trial,longer,43,False
6,0.4761298845211665,0.4921349436044693,0.6269282832750325,A3_llm,rel-trial,longer,43,False
7,0.4692193691929181,0.48763783276081085,0.6355818244363136,A3_llm,rel-trial,longer,43,False
8,0.4627225399017334,0.4861946552991867,0.6482561126523976,A3_llm,rel-trial,longer,43,False
9,0.45626063148180646,0.4856618791818619,0.6533133189479938,A3_llm,rel-trial,longer,43,False
10,0.45051880925893784,0.4937504380941391,0.6498197365070429,A3_llm,rel-trial,longer,43,False
11,0.44764437278111774,0.4864552170038223,0.649819736507043,A3_llm,rel-trial,longer,43,False
12,0.4425386314590772,0.4942551553249359,0.6558687270761574,A3_llm,rel-trial,longer,43,False
13,0.4339647392431895,0.5049056261777878,0.6421892520963729,A3_llm,rel-trial,longer,43,False
14,0.4292973478635152,0.4967506378889084,0.6436858635001049,A3_llm,rel-trial,longer,43,False
15,0.42453761398792267,0.4906872361898422,0.6487832772662494,A3_llm,rel-trial,longer,43,False
16,0.4197290639082591,0.5348926782608032,0.6357828617890537,A3_llm,rel-trial,longer,43,False
17,0.40979185948769253,0.5355110466480255,0.6339735256143925,A3_llm,rel-trial,longer,43,False
18,0.40529817591110867,0.516013577580452,0.6253065819629288,A3_llm,rel-trial,longer,43,True
1,0.5024820442001025,0.518683522939682,0.5963214631945283,A3_llm,rel-trial,longer,44,False
2,0.5021437952915827,0.5185113549232483,0.5876500520463369,A3_llm,rel-trial,longer,44,False
3,0.5013418520490328,0.5173179507255554,0.6180580685224648,A3_llm,rel-trial,longer,44,False
4,0.4925077607234319,0.49817056953907013,0.6033220305666126,A3_llm,rel-trial,longer,44,False
5,0.482371707757314,0.4990917593240738,0.6052653916431007,A3_llm,rel-trial,longer,44,False
6,0.4744044865171115,0.4949668198823929,0.621518144737959,A3_llm,rel-trial,longer,44,False
7,0.4685733566681544,0.4883556365966797,0.6322669418644651,A3_llm,rel-trial,longer,44,False
8,0.465205413599809,0.4860955774784088,0.6368818659840332,A3_llm,rel-trial,longer,44,False
9,0.45585626860459644,0.48619982600212097,0.6484750199920479,A3_llm,rel-trial,longer,44,False
10,0.45157693574825924,0.49320752918720245,0.6503022261536193,A3_llm,rel-trial,longer,44,False
11,0.4503464649120967,0.48903267085552216,0.6495650891935723,A3_llm,rel-trial,longer,44,False
12,0.44148538261651993,0.5009251981973648,0.6456247570798654,A3_llm,rel-trial,longer,44,False
13,0.4385109494129817,0.5106896758079529,0.6472687958756069,A3_llm,rel-trial,longer,44,False
14,0.42909597357114154,0.5017154067754745,0.6462010641577205,A3_llm,rel-trial,longer,44,False
15,0.42417492469151813,0.49552029371261597,0.6481265552472982,A3_llm,rel-trial,longer,44,False
16,0.4189084395766258,0.4954652488231659,0.6479121154043754,A3_llm,rel-trial,longer,44,True
1,0.5025409931937853,0.5182321965694427,0.5660117316464066,A3_llm,rel-trial,proj_high_lr,42,False
2,0.5017907371123632,0.5157851874828339,0.5902054601745005,A3_llm,rel-trial,proj_high_lr,42,False
3,0.49295184512933093,0.5235978066921234,0.6161660836583438,A3_llm,rel-trial,proj_high_lr,42,False
4,0.4797324265042941,0.49209485948085785,0.6312081451400338,A3_llm,rel-trial,proj_high_lr,42,False
5,0.4706798295180003,0.48647889494895935,0.636296623912723,A3_llm,rel-trial,proj_high_lr,42,False
6,0.4637957861026128,0.48545122146606445,0.6539879109538552,A3_llm,rel-trial,proj_high_lr,42,False
7,0.45516881346702576,0.4958222955465317,0.6495606216968446,A3_llm,rel-trial,proj_high_lr,42,False
8,0.44832876821358997,0.4838902950286865,0.6458794043933364,A3_llm,rel-trial,proj_high_lr,42,False
9,0.4434587011734645,0.4950755089521408,0.635465669521397,A3_llm,rel-trial,proj_high_lr,42,False
10,0.4440263534585635,0.5039530992507935,0.6421311746389147,A3_llm,rel-trial,proj_high_lr,42,False
11,0.435788094997406,0.5027967840433121,0.6398706212947699,A3_llm,rel-trial,proj_high_lr,42,False
12,0.43388739228248596,0.5069540441036224,0.626427923641546,A3_llm,rel-trial,proj_high_lr,42,True
1,0.5025898714860281,0.5179049670696259,0.6229120037169573,A3_llm,rel-trial,proj_high_lr,43,False
2,0.5019751836856207,0.5152119696140289,0.6211294725226614,A3_llm,rel-trial,proj_high_lr,43,False
3,0.4938894013563792,0.5059873461723328,0.6181719896890175,A3_llm,rel-trial,proj_high_lr,43,False
4,0.4785054226716359,0.49522729218006134,0.6361760015010789,A3_llm,rel-trial,proj_high_lr,43,False
5,0.4665558685859044,0.4844980686903,0.6500341763499657,A3_llm,rel-trial,proj_high_lr,43,False
6,0.4600744644800822,0.4890911430120468,0.6510974405711247,A3_llm,rel-trial,proj_high_lr,43,False
7,0.45593196898698807,0.4850819706916809,0.6486760573447881,A3_llm,rel-trial,proj_high_lr,43,False
8,0.45151057094335556,0.4842403680086136,0.6552209400506614,A3_llm,rel-trial,proj_high_lr,43,False
9,0.4489874591430028,0.4987785667181015,0.6472509258886968,A3_llm,rel-trial,proj_high_lr,43,False
10,0.4424637208382289,0.5008800327777863,0.6499135539383217,A3_llm,rel-trial,proj_high_lr,43,False
11,0.43794020762046176,0.4886845052242279,0.646612073856656,A3_llm,rel-trial,proj_high_lr,43,False
12,0.43087458113829297,0.5007513463497162,0.6343085878689594,A3_llm,rel-trial,proj_high_lr,43,False
13,0.4264758974313736,0.4990139454603195,0.6390262644132613,A3_llm,rel-trial,proj_high_lr,43,False
14,0.4194609945019086,0.5182979106903076,0.6243058626959556,A3_llm,rel-trial,proj_high_lr,43,True
1,0.5024137496948242,0.5184963941574097,0.613320288242889,A3_llm,rel-trial,proj_high_lr,44,False
2,0.5012828831871351,0.5177756547927856,0.612134167861722,A3_llm,rel-trial,proj_high_lr,44,False
3,0.49303459624449414,0.49585457146167755,0.6078073972810815,A3_llm,rel-trial,proj_high_lr,44,False
4,0.4840320621927579,0.5095726549625397,0.6238903855002926,A3_llm,rel-trial,proj_high_lr,44,False
5,0.47477587312459946,0.49305127561092377,0.6294166789522827,A3_llm,rel-trial,proj_high_lr,44,False
6,0.46608324100573856,0.48958513140678406,0.6390061606779873,A3_llm,rel-trial,proj_high_lr,44,False
7,0.46459249903758365,0.48909154534339905,0.6402548260133399,A3_llm,rel-trial,proj_high_lr,44,False
8,0.46181096136569977,0.4806663691997528,0.6484080075411345,A3_llm,rel-trial,proj_high_lr,44,False
9,0.4521188884973526,0.4893665611743927,0.6431050889255223,A3_llm,rel-trial,proj_high_lr,44,False
10,0.44814670582612354,0.48561520874500275,0.6475457806727157,A3_llm,rel-trial,proj_high_lr,44,False
11,0.44353071848551434,0.49975813925266266,0.6405943557646344,A3_llm,rel-trial,proj_high_lr,44,False
12,0.4426857481400172,0.4957716464996338,0.639039666903444,A3_llm,rel-trial,proj_high_lr,44,False
13,0.4331921810905139,0.49678292870521545,0.6422428620571035,A3_llm,rel-trial,proj_high_lr,44,False
14,0.4266062279542287,0.49819710850715637,0.6388386295507038,A3_llm,rel-trial,proj_high_lr,44,True
1,1.0214764713048934,0.7507727790091719,0.8596491645422895,A4_depth_longer,rel-stack,L2,42,False
2,0.9940949866771698,0.7746072111739999,0.8613349246628871,A4_depth_longer,rel-stack,L2,42,False
3,0.9649969184398651,0.7240373085119894,0.8610178534275629,A4_depth_longer,rel-stack,L2,42,False
4,0.963901646643877,0.724157982195417,0.8688974239988678,A4_depth_longer,rel-stack,L2,42,False
5,0.9504666603803634,0.7132665327794495,0.87429657642164,A4_depth_longer,rel-stack,L2,42,False
6,0.9439842286109924,0.7541956850992781,0.8739423524209308,A4_depth_longer,rel-stack,L2,42,False
7,0.9461252240538597,0.7581101984140419,0.878860345956628,A4_depth_longer,rel-stack,L2,42,False
8,0.9454551638960839,0.8093582945210593,0.8786742788621142,A4_depth_longer,rel-stack,L2,42,False
9,0.9388761738240718,0.689196495250577,0.8771454000593419,A4_depth_longer,rel-stack,L2,42,False
10,0.9403256177306175,0.819372837121288,0.8765737307119141,A4_depth_longer,rel-stack,L2,42,False
11,0.9395369204282761,0.7489641576650596,0.877597204135335,A4_depth_longer,rel-stack,L2,42,False
12,0.9362494356036186,0.743221980918731,0.8770959724140244,A4_depth_longer,rel-stack,L2,42,False
13,0.9274092080593109,0.7559334893843958,0.8705321183320102,A4_depth_longer,rel-stack,L2,42,True
1,1.0267600727081299,0.8110778965055943,0.8577337040814402,A4_depth_longer,rel-stack,L8,42,False
2,0.994768955051899,0.8117057250901347,0.8628369568266819,A4_depth_longer,rel-stack,L8,42,False
3,0.9783173192739487,0.7436959527965102,0.8550544691706795,A4_depth_longer,rel-stack,L8,42,False
4,0.9702324399352074,0.7193423492745274,0.8632756035637761,A4_depth_longer,rel-stack,L8,42,False
5,0.9625433775186538,0.8393225219278109,0.860870338603781,A4_depth_longer,rel-stack,L8,42,False
6,0.9688776105046272,0.7197953026209559,0.8684970411797164,A4_depth_longer,rel-stack,L8,42,False
7,0.9532589555978775,0.6947131947215114,0.874795640525433,A4_depth_longer,rel-stack,L8,42,False
8,0.9544611121416092,0.6782540804928258,0.8749896770944432,A4_depth_longer,rel-stack,L8,42,False
9,0.9516178154349327,0.7287905415786164,0.8731355661752573,A4_depth_longer,rel-stack,L8,42,False
10,0.957641052275896,0.7154031418086517,0.8645672649673829,A4_depth_longer,rel-stack,L8,42,False
11,0.9459961383640766,0.7549322476344449,0.874138561579058,A4_depth_longer,rel-stack,L8,42,False
12,0.9472590889930725,0.7901202719658613,0.8784841201409567,A4_depth_longer,rel-stack,L8,42,False
13,0.9475239805579185,0.7809002624735946,0.8732917489833092,A4_depth_longer,rel-stack,L8,42,False
14,0.9462719684243203,0.732551778977116,0.8701901692112334,A4_depth_longer,rel-stack,L8,42,False
15,0.9281134310364724,0.723022731109744,0.8695371520619036,A4_depth_longer,rel-stack,L8,42,False
16,0.9406364157199859,0.7383206016605809,0.8700348340609493,A4_depth_longer,rel-stack,L8,42,False
17,0.9283026741743088,0.7083070531842255,0.8748034185933369,A4_depth_longer,rel-stack,L8,42,False
18,0.9412597597837448,0.7116611230941046,0.8748604055561665,A4_depth_longer,rel-stack,L8,42,True
1,1.012150900900364,0.7398570171069532,0.8639476594545805,A4_depth_longer,rel-stack,L2-skip,42,False
2,0.975579545378685,0.8181141092486325,0.8563475971962305,A4_depth_longer,rel-stack,L2-skip,42,False
3,0.9561764806509018,0.7217888498590106,0.8730558938024917,A4_depth_longer,rel-stack,L2-skip,42,False
4,0.9451201385259629,0.6771503043848843,0.8742881421025612,A4_depth_longer,rel-stack,L2-skip,42,False
5,0.9536785078048706,0.702880283950695,0.8633614606067062,A4_depth_longer,rel-stack,L2-skip,42,False
6,0.9471360519230366,0.7533777941550527,0.8714975930720398,A4_depth_longer,rel-stack,L2-skip,42,False
7,0.9401347295045853,0.7093742783403113,0.8761849292345216,A4_depth_longer,rel-stack,L2-skip,42,False
8,0.939982251316309,0.6906786343260181,0.8744738711282876,A4_depth_longer,rel-stack,L2-skip,42,False
9,0.9267030086815358,0.7707758732140064,0.8778993779718266,A4_depth_longer,rel-stack,L2-skip,42,False
10,0.9169081169366836,0.7227648739658651,0.88100810441863,A4_depth_longer,rel-stack,L2-skip,42,False
11,0.9254682630598545,0.6833457159144538,0.8787573095505522,A4_depth_longer,rel-stack,L2-skip,42,False
12,0.9314295354485512,0.7269646156401861,0.8783519601031899,A4_depth_longer,rel-stack,L2-skip,42,False
13,0.9248613684475422,0.7457884485345512,0.880635913056205,A4_depth_longer,rel-stack,L2-skip,42,False
14,0.9230377562046052,0.7384436580219439,0.881845625094333,A4_depth_longer,rel-stack,L2-skip,42,False
15,0.9133596976399422,0.6920201922101634,0.8801280467349474,A4_depth_longer,rel-stack,L2-skip,42,False
16,0.9150857683420182,0.712771989139063,0.8751643144809921,A4_depth_longer,rel-stack,L2-skip,42,False
17,0.9081292018890381,0.7303030931701263,0.8787147924289713,A4_depth_longer,rel-stack,L2-skip,42,False
18,0.9128698409199715,0.73812922666825,0.8793488255244242,A4_depth_longer,rel-stack,L2-skip,42,False
19,0.9110895462632179,0.7710360580434402,0.880547900824757,A4_depth_longer,rel-stack,L2-skip,42,False
20,0.9018668074905872,0.7581783147262675,0.8827119760773379,A4_depth_longer,rel-stack,L2-skip,42,False
21,0.9085261036455631,0.7412162421359902,0.8779236518079022,A4_depth_longer,rel-stack,L2-skip,42,False
22,0.8902325210273265,0.6865358133578584,0.8802493214549286,A4_depth_longer,rel-stack,L2-skip,42,False
23,0.9000272288620472,0.7303329900439296,0.8837553806443996,A4_depth_longer,rel-stack,L2-skip,42,False
24,0.8907864128649234,0.7208746419776053,0.8833587116103068,A4_depth_longer,rel-stack,L2-skip,42,False
25,0.8954008939862251,0.7567540593445301,0.8814883535029399,A4_depth_longer,rel-stack,L2-skip,42,False
26,0.8937043790221214,0.7204794784386953,0.8834423736919204,A4_depth_longer,rel-stack,L2-skip,42,False
27,0.8939153973460198,0.6771583265314499,0.8805001834097744,A4_depth_longer,rel-stack,L2-skip,42,False
28,0.8847521159052849,0.6997707553562664,0.8791460588261465,A4_depth_longer,rel-stack,L2-skip,42,False
29,0.8888072818517685,0.7238450173643374,0.8838490157552334,A4_depth_longer,rel-stack,L2-skip,42,False
30,0.8924590582847596,0.6498154434597209,0.8818292685309559,A4_depth_longer,rel-stack,L2-skip,42,True
1,1.0178735867738724,0.8092083679955631,0.8612256016688508,A4_depth_longer,rel-stack,L8-skip,42,False
2,0.9699919275939465,0.8421408886178618,0.8613456583468784,A4_depth_longer,rel-stack,L8-skip,42,False
3,0.9684697188138962,0.7895940496985402,0.8719624028531375,A4_depth_longer,rel-stack,L8-skip,42,False
4,0.948824439227581,0.8024347204537619,0.8687267986933662,A4_depth_longer,rel-stack,L8-skip,42,False
5,0.9363289563059807,0.7415470859656731,0.8675457205843478,A4_depth_longer,rel-stack,L8-skip,42,False
6,0.942122013270855,0.7525680537025133,0.870027123109643,A4_depth_longer,rel-stack,L8-skip,42,False
7,0.935196077376604,0.7714884537493899,0.8785012373591046,A4_depth_longer,rel-stack,L8-skip,42,False
8,0.937214941084385,0.7173388735169456,0.8835632780277158,A4_depth_longer,rel-stack,L8-skip,42,False
9,0.9269773584008217,0.7233548904103893,0.8818233175259826,A4_depth_longer,rel-stack,L8-skip,42,False
10,0.9333005172610283,0.7340225018560886,0.8828231683929031,A4_depth_longer,rel-stack,L8-skip,42,False
11,0.9344761061668396,0.768857337623125,0.8816860292830112,A4_depth_longer,rel-stack,L8-skip,42,False
12,0.9210244172513485,0.7525705186029276,0.8841044018659072,A4_depth_longer,rel-stack,L8-skip,42,False
13,0.907173192858696,0.7475677290487857,0.8784702493774847,A4_depth_longer,rel-stack,L8-skip,42,False
14,0.9186396976709366,0.7536301920633941,0.8801112104121885,A4_depth_longer,rel-stack,L8-skip,42,False
15,0.9153549847006798,0.753923598233433,0.8846786042434385,A4_depth_longer,rel-stack,L8-skip,42,False
16,0.9093206613063812,0.6692059968731233,0.8805931771842327,A4_depth_longer,rel-stack,L8-skip,42,False
17,0.9131177629828453,0.7745324124892553,0.8855709218922544,A4_depth_longer,rel-stack,L8-skip,42,False
18,0.9069417690932751,0.7422968982053655,0.8817689655110525,A4_depth_longer,rel-stack,L8-skip,42,False
19,0.9075698321163654,0.693138352107434,0.8819283177139837,A4_depth_longer,rel-stack,L8-skip,42,False
20,0.8960956224799156,0.722992983779737,0.8807055154535542,A4_depth_longer,rel-stack,L8-skip,42,False
21,0.9036128122508525,0.7325416993172396,0.8843077924999608,A4_depth_longer,rel-stack,L8-skip,42,False
22,0.8997705205082893,0.6908730768731662,0.8806113558389405,A4_depth_longer,rel-stack,L8-skip,42,False
23,0.9082788948714733,0.7014222012921458,0.8798218608174085,A4_depth_longer,rel-stack,L8-skip,42,True
1,0.4927392735126171,0.48673852533102036,0.6600100965426043,A4_depth_longer,rel-trial,L2,42,False
2,0.4715593216267038,0.5002249181270599,0.6737967914438503,A4_depth_longer,rel-trial,L2,42,False
3,0.4638449638447863,0.478463739156723,0.673881673881674,A4_depth_longer,rel-trial,L2,42,False
4,0.4539050814953256,0.48273755609989166,0.6719293778117309,A4_depth_longer,rel-trial,L2,42,False
5,0.45037486071282246,0.4850902855396271,0.6755480501610531,A4_depth_longer,rel-trial,L2,42,False
6,0.44516280230055466,0.4765373542904854,0.6845768610474492,A4_depth_longer,rel-trial,L2,42,False
7,0.4434228133648,0.5224220231175423,0.6645714107014418,A4_depth_longer,rel-trial,L2,42,False
8,0.4349623760010334,0.4845802113413811,0.6663852143728305,A4_depth_longer,rel-trial,L2,42,False
9,0.42996347394395384,0.4817127510905266,0.6756508025857871,A4_depth_longer,rel-trial,L2,42,False
10,0.42158044525917543,0.4892203211784363,0.6864487421762964,A4_depth_longer,rel-trial,L2,42,False
11,0.41882366259047327,0.4940652921795845,0.681159226050867,A4_depth_longer,rel-trial,L2,42,False
12,0.4071287284506128,0.4889449030160904,0.6750074830570186,A4_depth_longer,rel-trial,L2,42,False
13,0.40589680633646374,0.5107051059603691,0.6824548001018589,A4_depth_longer,rel-trial,L2,42,False
14,0.3967735970273931,0.4967042803764343,0.6502977586568918,A4_depth_longer,rel-trial,L2,42,False
15,0.3952812723656918,0.5165646597743034,0.6624270122722136,A4_depth_longer,rel-trial,L2,42,False
16,0.38154879846471423,0.5160916447639465,0.670508713852367,A4_depth_longer,rel-trial,L2,42,True
1,0.49389751667672016,0.49580729752779007,0.6332185186674352,A4_depth_longer,rel-trial,L2,43,False
2,0.4754077716076628,0.4939424842596054,0.6613771505412372,A4_depth_longer,rel-trial,L2,43,False
3,0.46334492779792624,0.5079159960150719,0.682959627232073,A4_depth_longer,rel-trial,L2,43,False
4,0.45867242458018853,0.47832804173231125,0.6784385205437837,A4_depth_longer,rel-trial,L2,43,False
5,0.449458823559132,0.4800148904323578,0.6704372339047262,A4_depth_longer,rel-trial,L2,43,False
6,0.44727755353805865,0.4832996726036072,0.672434204941945,A4_depth_longer,rel-trial,L2,43,False
7,0.43977592980608027,0.49799374490976334,0.6638186375028481,A4_depth_longer,rel-trial,L2,43,False
8,0.4346606604596402,0.48159435391426086,0.6788405952492641,A4_depth_longer,rel-trial,L2,43,False
9,0.42846934465651815,0.504861868917942,0.6822537627491188,A4_depth_longer,rel-trial,L2,43,True
1,0.49128474960935875,0.48588986694812775,0.6596839692814925,A4_depth_longer,rel-trial,L2,44,False
2,0.4742190076949749,0.49357910454273224,0.6684581328544177,A4_depth_longer,rel-trial,L2,44,False
3,0.46150920175491494,0.4793754294514656,0.6664879667975643,A4_depth_longer,rel-trial,L2,44,False
4,0.4592997006913449,0.48136184364557266,0.6698609268268712,A4_depth_longer,rel-trial,L2,44,False
5,0.4504759083402918,0.4764614477753639,0.6833527669440982,A4_depth_longer,rel-trial,L2,44,False
6,0.4415975092573369,0.5025543570518494,0.6679220332471106,A4_depth_longer,rel-trial,L2,44,False
7,0.43873886478708146,0.47734440118074417,0.6842194613092446,A4_depth_longer,rel-trial,L2,44,False
8,0.43466770331910315,0.4908912181854248,0.6766515218527602,A4_depth_longer,rel-trial,L2,44,False
9,0.42692247286755985,0.48908913135528564,0.6775584236884546,A4_depth_longer,rel-trial,L2,44,False
10,0.42138211714460494,0.5091337263584137,0.6743373585478849,A4_depth_longer,rel-trial,L2,44,False
11,0.4175626191687077,0.49584298580884933,0.6681364730900334,A4_depth_longer,rel-trial,L2,44,False
12,0.4052443466287978,0.5006487518548965,0.6650807053283834,A4_depth_longer,rel-trial,L2,44,False
13,0.40389015890182334,0.5002393499016762,0.6753514803050407,A4_depth_longer,rel-trial,L2,44,True
1,0.5025262877028039,0.5123841315507889,0.5831870228155058,A4_depth_longer,rel-trial,L8,42,False
2,0.49477914419580016,0.5003670156002045,0.6123106339824607,A4_depth_longer,rel-trial,L8,42,False
3,0.48064247344402555,0.4953240677714348,0.65930423205965,A4_depth_longer,rel-trial,L8,42,False
4,0.4722005116178634,0.4840864911675453,0.665254937700758,A4_depth_longer,rel-trial,L8,42,False
5,0.46610181255543487,0.485807329416275,0.6531033466017986,A4_depth_longer,rel-trial,L8,42,False
6,0.46367677285316145,0.4991674944758415,0.6635170814737379,A4_depth_longer,rel-trial,L8,42,False
7,0.4574364918343564,0.4905519038438797,0.678840595249264,A4_depth_longer,rel-trial,L8,42,False
8,0.45168666763508575,0.4903533011674881,0.6706829462247419,A4_depth_longer,rel-trial,L8,42,False
9,0.4490421826535083,0.48583606630563736,0.67282734465397,A4_depth_longer,rel-trial,L8,42,False
10,0.4418789027853215,0.4921089857816696,0.6761511622192737,A4_depth_longer,rel-trial,L8,42,False
11,0.4366903222621755,0.48791714757680893,0.6715585755833435,A4_depth_longer,rel-trial,L8,42,False
12,0.4352687939684442,0.48205333203077316,0.6692310097882854,A4_depth_longer,rel-trial,L8,42,False
13,0.4274938442605607,0.5095839127898216,0.6737521164765747,A4_depth_longer,rel-trial,L8,42,True
1,0.5005593731048259,0.5063785314559937,0.6061097485246092,A4_depth_longer,rel-trial,L8,43,False
2,0.4847820629464819,0.4824053719639778,0.6626369846184088,A4_depth_longer,rel-trial,L8,43,False
3,0.4726970462088889,0.4893302246928215,0.6539119635094868,A4_depth_longer,rel-trial,L8,43,False
4,0.4649500269839104,0.4871586859226227,0.6687351176515264,A4_depth_longer,rel-trial,L8,43,False
5,0.46045197324549897,0.5029717683792114,0.6423813544556578,A4_depth_longer,rel-trial,L8,43,False
6,0.4588683697771519,0.48409102857112885,0.6682839004820429,A4_depth_longer,rel-trial,L8,43,False
7,0.45086991786956787,0.4837556779384613,0.67376105147003,A4_depth_longer,rel-trial,L8,43,False
8,0.4451934555743603,0.4920644834637642,0.6602736788495303,A4_depth_longer,rel-trial,L8,43,False
9,0.4419080722839274,0.4928221330046654,0.6631641492322607,A4_depth_longer,rel-trial,L8,43,False
10,0.4371925199285467,0.4942198842763901,0.663646638878837,A4_depth_longer,rel-trial,L8,43,False
11,0.4295093962486754,0.5011427253484726,0.6465361264122874,A4_depth_longer,rel-trial,L8,43,False
12,0.43265183365091364,0.49842844158411026,0.6475547156661707,A4_depth_longer,rel-trial,L8,43,False
13,0.4295228383642562,0.4873999059200287,0.6586475100406989,A4_depth_longer,rel-trial,L8,43,True
1,0.49687339904460504,0.49260516464710236,0.6421222396454593,A4_depth_longer,rel-trial,L8,44,False
2,0.4841289647082065,0.49333973228931427,0.6591880771447335,A4_depth_longer,rel-trial,L8,44,False
3,0.4706313115485171,0.48735979944467545,0.6591255321905477,A4_depth_longer,rel-trial,L8,44,False
4,0.4641174851579869,0.49725208431482315,0.6682392255147673,A4_depth_longer,rel-trial,L8,44,False
5,0.45897025186964807,0.4846920445561409,0.6580265279955683,A4_depth_longer,rel-trial,L8,44,False
6,0.45524329200704045,0.548303946852684,0.6672787137183422,A4_depth_longer,rel-trial,L8,44,False
7,0.44929209414948806,0.48954112082719803,0.6717864179164488,A4_depth_longer,rel-trial,L8,44,False
8,0.4449025481305224,0.4959716722369194,0.6710939559236774,A4_depth_longer,rel-trial,L8,44,False
9,0.44063541293144226,0.4973388686776161,0.6678237483191043,A4_depth_longer,rel-trial,L8,44,False
10,0.435185248547412,0.5095497816801071,0.6657061548702417,A4_depth_longer,rel-trial,L8,44,False
11,0.4285901448828109,0.5062152817845345,0.6600726414967901,A4_depth_longer,rel-trial,L8,44,False
12,0.4241373019015535,0.506501317024231,0.6728541496343354,A4_depth_longer,rel-trial,L8,44,False
13,0.4220844101398549,0.5038972124457359,0.6596035543403964,A4_depth_longer,rel-trial,L8,44,False
14,0.4140220265439216,0.5183054879307747,0.6659027247262541,A4_depth_longer,rel-trial,L8,44,False
15,0.4094414945612562,0.5372734367847443,0.6599386165949633,A4_depth_longer,rel-trial,L8,44,False
16,0.4028443820933078,0.5623688101768494,0.6607517009993791,A4_depth_longer,rel-trial,L8,44,False
17,0.3999095622529375,0.4986615926027298,0.6469962785752259,A4_depth_longer,rel-trial,L8,44,False
18,0.39256324920248475,0.5362851023674011,0.6701155741403421,A4_depth_longer,rel-trial,L8,44,True
1,0.4928662396491842,0.4997265487909317,0.651146583035128,A4_depth_longer,rel-trial,L2-skip,42,False
2,0.47449815083057323,0.499356672167778,0.6765889768985744,A4_depth_longer,rel-trial,L2-skip,42,False
3,0.46486527425177554,0.4864686131477356,0.6804980365351883,A4_depth_longer,rel-trial,L2-skip,42,False
4,0.4606790910375879,0.4867052286863327,0.6826469024611439,A4_depth_longer,rel-trial,L2-skip,42,False
5,0.4526608649720537,0.48083125054836273,0.6647769155509093,A4_depth_longer,rel-trial,L2-skip,42,False
6,0.44520690086040093,0.48357897251844406,0.6669347164703203,A4_depth_longer,rel-trial,L2-skip,42,False
7,0.44706234652945337,0.4758594483137131,0.6802835966922655,A4_depth_longer,rel-trial,L2-skip,42,False
8,0.43636942036608434,0.4836921989917755,0.6793677598631159,A4_depth_longer,rel-trial,L2-skip,42,False
9,0.43129708031390573,0.5011410713195801,0.6707856986494757,A4_depth_longer,rel-trial,L2-skip,42,False
10,0.42207534706338923,0.48031606525182724,0.6830177046895314,A4_depth_longer,rel-trial,L2-skip,42,False
11,0.41699867996763673,0.47967327386140823,0.6798368470195095,A4_depth_longer,rel-trial,L2-skip,42,False
12,0.409166322743639,0.49957358092069626,0.6674574135874445,A4_depth_longer,rel-trial,L2-skip,42,False
13,0.3977637062681482,0.4975980669260025,0.6655631949749597,A4_depth_longer,rel-trial,L2-skip,42,False
14,0.38959549589360015,0.5805826634168625,0.6660233471378982,A4_depth_longer,rel-trial,L2-skip,42,False
15,0.388485867926415,0.5117354318499565,0.6471928484312385,A4_depth_longer,rel-trial,L2-skip,42,False
16,0.37717486949677165,0.5308809876441956,0.6502307462059784,A4_depth_longer,rel-trial,L2-skip,42,True
1,0.4951027346418259,0.4978560581803322,0.6192397214069041,A4_depth_longer,rel-trial,L2-skip,43,False
2,0.47297488818777367,0.48860617727041245,0.6626905945791395,A4_depth_longer,rel-trial,L2-skip,43,False
3,0.46520644870210204,0.483650378882885,0.6689450899977216,A4_depth_longer,rel-trial,L2-skip,43,False
4,0.45697646699053174,0.4905858337879181,0.6761332922323634,A4_depth_longer,rel-trial,L2-skip,43,False
5,0.4525668183539776,0.4731747806072235,0.6800780918427978,A4_depth_longer,rel-trial,L2-skip,43,False
6,0.44490990169504857,0.4822123050689697,0.6766872618265807,A4_depth_longer,rel-trial,L2-skip,43,False
7,0.44081681459508043,0.4919709712266922,0.6753693502919509,A4_depth_longer,rel-trial,L2-skip,43,False
8,0.4322251601422087,0.484538696706295,0.669052309919183,A4_depth_longer,rel-trial,L2-skip,43,False
9,0.42488511192037703,0.4913584887981415,0.674042503763866,A4_depth_longer,rel-trial,L2-skip,43,False
10,0.42024960987111354,0.4927104711532593,0.6684894053315105,A4_depth_longer,rel-trial,L2-skip,43,False
11,0.41535642489473873,0.5128679573535919,0.6633562515915458,A4_depth_longer,rel-trial,L2-skip,43,True
1,0.4918564773620443,0.4903050810098648,0.6612386581426829,A4_depth_longer,rel-trial,L2-skip,44,False
2,0.4709566793543227,0.4907606467604637,0.6683777179133217,A4_depth_longer,rel-trial,L2-skip,44,False
3,0.46270321911953866,0.48221129179000854,0.6815657682530747,A4_depth_longer,rel-trial,L2-skip,44,False
4,0.4559206708948663,0.4798223078250885,0.6675914384892714,A4_depth_longer,rel-trial,L2-skip,44,False
5,0.4487416617413785,0.48008469492197037,0.6784206505568735,A4_depth_longer,rel-trial,L2-skip,44,False
6,0.4529176893386435,0.48556695133447647,0.6673993361299864,A4_depth_longer,rel-trial,L2-skip,44,False
7,0.44088581077595973,0.47667498141527176,0.6868954918490522,A4_depth_longer,rel-trial,L2-skip,44,False
8,0.4346467231182342,0.49874599277973175,0.6694141771541152,A4_depth_longer,rel-trial,L2-skip,44,False
9,0.42738541707079464,0.49166588485240936,0.6754408302395919,A4_depth_longer,rel-trial,L2-skip,44,False
10,0.4188106675097283,0.5138149410486221,0.6617300827827144,A4_depth_longer,rel-trial,L2-skip,44,False
11,0.4177482825644473,0.514478325843811,0.6635483539508307,A4_depth_longer,rel-trial,L2-skip,44,False
12,0.40986626769634005,0.5035108029842377,0.6694588521213908,A4_depth_longer,rel-trial,L2-skip,44,False
13,0.4027406053340181,0.5020104050636292,0.6622885198736592,A4_depth_longer,rel-trial,L2-skip,44,True
1,0.5309115477064823,0.5002132281661034,0.6269193482815774,A4_depth_longer,rel-trial,L8-skip,42,False
2,0.4855374611438589,0.4999120458960533,0.6292379790831804,A4_depth_longer,rel-trial,L8-skip,42,False
3,0.47452651249601485,0.4843677654862404,0.6560250894616221,A4_depth_longer,rel-trial,L8-skip,42,False
4,0.46963631028824665,0.4935935512185097,0.6655095850142291,A4_depth_longer,rel-trial,L8-skip,42,False
5,0.45880743480743247,0.48454976081848145,0.653474148830186,A4_depth_longer,rel-trial,L8-skip,42,False
6,0.45325051406596567,0.4809333011507988,0.6746322133319037,A4_depth_longer,rel-trial,L8-skip,42,False
7,0.44950747426520005,0.47869347035884857,0.6773841913160799,A4_depth_longer,rel-trial,L8-skip,42,False
8,0.4417150762486965,0.48263635486364365,0.6677746058551013,A4_depth_longer,rel-trial,L8-skip,42,False
9,0.43936738498667455,0.49086346477270126,0.6716791979949874,A4_depth_longer,rel-trial,L8-skip,42,False
10,0.43344311701490523,0.48232252150774,0.6619221851419994,A4_depth_longer,rel-trial,L8-skip,42,False
11,0.4296661082734453,0.5201435089111328,0.6686681052006129,A4_depth_longer,rel-trial,L8-skip,42,False
12,0.42383491739313656,0.4938894361257553,0.662896099428607,A4_depth_longer,rel-trial,L8-skip,42,False
13,0.42071798126748267,0.4874512031674385,0.6705533888196427,A4_depth_longer,rel-trial,L8-skip,42,True
1,0.5215399702812763,0.5057865902781487,0.6124938013482906,A4_depth_longer,rel-trial,L8-skip,43,False
2,0.4856516896410191,0.4876885786652565,0.6739486863325872,A4_depth_longer,rel-trial,L8-skip,43,False
3,0.4711548844550518,0.47975844889879227,0.6766202493756673,A4_depth_longer,rel-trial,L8-skip,43,False
4,0.4634422025781997,0.4740534722805023,0.6892051876572001,A4_depth_longer,rel-trial,L8-skip,43,False
5,0.4563887468043794,0.4754246100783348,0.6748377181813714,A4_depth_longer,rel-trial,L8-skip,43,False
6,0.45324517247524665,0.47575416415929794,0.6821152703505645,A4_depth_longer,rel-trial,L8-skip,43,False
7,0.444972831518092,0.49451902508735657,0.6761958371865492,A4_depth_longer,rel-trial,L8-skip,43,False
8,0.44159485685064437,0.4845217168331146,0.6691684648340995,A4_depth_longer,rel-trial,L8-skip,43,False
9,0.4356620990215464,0.4834146052598953,0.657392143460255,A4_depth_longer,rel-trial,L8-skip,43,False
10,0.43186537826314886,0.5057820528745651,0.6755033751937778,A4_depth_longer,rel-trial,L8-skip,43,True
1,0.5366771265547327,0.5047159716486931,0.5920550038197098,A4_depth_longer,rel-trial,L8-skip,44,False
2,0.4903398593689533,0.4926571175456047,0.6438109534084767,A4_depth_longer,rel-trial,L8-skip,44,False
3,0.47169669955334764,0.5095150619745255,0.6781570682499475,A4_depth_longer,rel-trial,L8-skip,44,False
4,0.4638347435504832,0.4918120801448822,0.6685787552660617,A4_depth_longer,rel-trial,L8-skip,44,False
5,0.45891408210105084,0.47481244057416916,0.6771786864666123,A4_depth_longer,rel-trial,L8-skip,44,False
6,0.45251359774711286,0.47804485261440277,0.6842909412568856,A4_depth_longer,rel-trial,L8-skip,44,False
7,0.44474820063469256,0.4924756810069084,0.678648492889979,A4_depth_longer,rel-trial,L8-skip,44,False
8,0.4413660295466159,0.4954756796360016,0.6820169854225582,A4_depth_longer,rel-trial,L8-skip,44,False
9,0.4358029492357944,0.483683317899704,0.6692354772850129,A4_depth_longer,rel-trial,L8-skip,44,False
10,0.4287391666402208,0.5009332597255707,0.6749762105799257,A4_depth_longer,rel-trial,L8-skip,44,False
11,0.4226384809676637,0.491624653339386,0.6580712029628438,A4_depth_longer,rel-trial,L8-skip,44,False
12,0.4170095299152618,0.4932062178850174,0.6671223513328777,A4_depth_longer,rel-trial,L8-skip,44,True
