epoch,train_loss,val_loss,val_AUROC,aspect,dataset,variant,seed,done
1,1.070535388469696,0.8515760504773685,0.8352407572030887,A1,rel-stack,SAGE-MPNN-D,42,False
2,1.0108536643981934,0.7890518195927143,0.8434194117616031,A1,rel-stack,SAGE-MPNN-D,42,False
3,0.9912805199623108,0.7496442464845521,0.8484512251033655,A1,rel-stack,SAGE-MPNN-D,42,False
4,0.9893189685344695,0.8474764823913574,0.844583143958882,A1,rel-stack,SAGE-MPNN-D,42,False
5,0.9775945273637772,0.7083247401529834,0.8585952674138275,A1,rel-stack,SAGE-MPNN-D,42,False
6,0.978162826538086,0.7568270915320942,0.858204971970692,A1,rel-stack,SAGE-MPNN-D,42,False
7,0.970555934906006,0.7428808173253423,0.8572120639429073,A1,rel-stack,SAGE-MPNN-D,42,False
8,0.9647898277044296,0.7377063275447914,0.8660680094868266,A1,rel-stack,SAGE-MPNN-D,42,False
9,0.9587705980539322,0.7545808028607142,0.8595741828739453,A1,rel-stack,SAGE-MPNN-D,42,False
10,0.9538244917392732,0.7479079177691823,0.8680359750132762,A1,rel-stack,SAGE-MPNN-D,42,True
1,1.07945072388649,0.8875237554311752,0.8403186498176961,A1,rel-stack,SAGE-MPNN-U,42,False
2,1.0197426832914351,0.8811595432815098,0.8361787514251651,A1,rel-stack,SAGE-MPNN-U,42,False
3,1.0064928859472275,0.8018457250935691,0.8404701990947243,A1,rel-stack,SAGE-MPNN-U,42,False
4,0.984772262096405,0.7156781023811727,0.8558283036528078,A1,rel-stack,SAGE-MPNN-U,42,False
5,0.977904030919075,0.7309941828605675,0.8574412323219792,A1,rel-stack,SAGE-MPNN-U,42,False
6,0.9784806345701218,0.7239365082766328,0.8594926188074516,A1,rel-stack,SAGE-MPNN-U,42,False
7,0.9643580667972564,0.8058028132432983,0.8545593773751351,A1,rel-stack,SAGE-MPNN-U,42,False
8,0.9649316854476928,0.7588355573160308,0.8664999221919772,A1,rel-stack,SAGE-MPNN-U,42,False
9,0.9554348344802857,0.7543085985595271,0.8582883282989174,A1,rel-stack,SAGE-MPNN-U,42,False
10,0.958382305264473,0.7488858107300032,0.8632331013569947,A1,rel-stack,SAGE-MPNN-U,42,True
1,1.0743670991659164,0.8615007164577643,0.8305372335116235,A1,rel-stack,SAGE-Dir-GNN,42,False
2,1.0275840488672257,0.836679420655682,0.8450821707756765,A1,rel-stack,SAGE-Dir-GNN,42,False
3,0.9942398972511292,0.8504909340824399,0.8430581628903613,A1,rel-stack,SAGE-Dir-GNN,42,False
4,0.9774826283454896,0.7605017093675477,0.8486912390274245,A1,rel-stack,SAGE-Dir-GNN,42,False
5,0.976164006471634,0.7438650010597139,0.8510226409290326,A1,rel-stack,SAGE-Dir-GNN,42,False
6,0.9787220351696014,0.7243089227094537,0.8654111095180447,A1,rel-stack,SAGE-Dir-GNN,42,False
7,0.972692043185234,0.8209275677800179,0.8671850707908831,A1,rel-stack,SAGE-Dir-GNN,42,False
8,0.9633962477445602,0.8216850136717161,0.8636037689240778,A1,rel-stack,SAGE-Dir-GNN,42,False
9,0.952892251610756,0.7151341807274592,0.8696518617843348,A1,rel-stack,SAGE-Dir-GNN,42,False
10,0.9474373453855516,0.7652479225680942,0.8697898535086793,A1,rel-stack,SAGE-Dir-GNN,42,True
1,1.053880173921585,0.8420123780767123,0.8416246219713581,A1,rel-stack,GAT-MPNN-D,42,False
2,0.9989034879207612,0.7968056315467471,0.8496528185190025,A1,rel-stack,GAT-MPNN-D,42,False
3,0.9978895889520644,0.8043009299962294,0.8617992695994025,A1,rel-stack,GAT-MPNN-D,42,False
4,0.9904656492471696,0.8266533719641822,0.8629376143222485,A1,rel-stack,GAT-MPNN-D,42,False
5,0.9810452867746352,0.7455747844207854,0.8588867523107263,A1,rel-stack,GAT-MPNN-D,42,False
6,0.9686581844091416,0.7369343123975254,0.8593546643701057,A1,rel-stack,GAT-MPNN-D,42,False
7,0.9728684802055358,0.7654958040941329,0.8521195771970556,A1,rel-stack,GAT-MPNN-D,42,True
1,1.0544969351291658,0.8374967239797115,0.836820579989121,A1,rel-stack,GAT-MPNN-U,42,False
2,1.0123588601350784,0.7710932118906861,0.8480115045007123,A1,rel-stack,GAT-MPNN-U,42,False
3,1.0122515243291854,0.7957739572794664,0.8426695876207602,A1,rel-stack,GAT-MPNN-U,42,False
4,1.0117854439020155,0.8422169417497658,0.8472923327585021,A1,rel-stack,GAT-MPNN-U,42,False
5,0.9975328540802002,0.7503393042300429,0.8405149584078198,A1,rel-stack,GAT-MPNN-U,42,True
1,1.0661098787784575,0.8246420126940522,0.8372855985774105,A1,rel-stack,GAT-Dir-GNN,42,False
2,1.0214469863176343,0.8885274536552883,0.8516259545092552,A1,rel-stack,GAT-Dir-GNN,42,False
3,1.0012402628660202,0.8328719536463419,0.8420305133230995,A1,rel-stack,GAT-Dir-GNN,42,False
4,0.9968729994297028,0.7743387429841927,0.8531156098753213,A1,rel-stack,GAT-Dir-GNN,42,False
5,0.9956706529855728,0.815003576910212,0.8500134359970685,A1,rel-stack,GAT-Dir-GNN,42,False
6,0.991640942811966,0.7664110401556605,0.8551618930135884,A1,rel-stack,GAT-Dir-GNN,42,False
7,0.9952702654600144,0.8278048042030561,0.8597961747486907,A1,rel-stack,GAT-Dir-GNN,42,False
8,0.9818705612421036,0.7733563145711309,0.8564745445115957,A1,rel-stack,GAT-Dir-GNN,42,False
9,0.9870153449773788,0.7441169427973884,0.8557143073549496,A1,rel-stack,GAT-Dir-GNN,42,False
10,0.9971354880332948,0.7683352867052669,0.8477366396619805,A1,rel-stack,GAT-Dir-GNN,42,True
1,1.0611734869480134,0.7818791947904087,0.8246461785745854,A2,rel-stack,SAGE-homo,42,False
2,1.0014474939107896,0.7867140706096377,0.8500052452863802,A2,rel-stack,SAGE-homo,42,False
3,0.9845456056594848,0.7216404475981281,0.8590147014034532,A2,rel-stack,SAGE-homo,42,False
4,0.9580194801092148,0.7705573567322322,0.8607553753297593,A2,rel-stack,SAGE-homo,42,False
5,0.9540018385648728,0.7000089793332985,0.8687020674701079,A2,rel-stack,SAGE-homo,42,False
6,0.9501980899572372,0.7327311993354843,0.8695054556273109,A2,rel-stack,SAGE-homo,42,False
7,0.9444616272449492,0.6903963637139116,0.863727723336357,A2,rel-stack,SAGE-homo,42,False
8,0.9564101734161377,0.7297166749125436,0.8718517002401537,A2,rel-stack,SAGE-homo,42,False
9,0.9393889096975326,0.7164301462471485,0.8750477677524309,A2,rel-stack,SAGE-homo,42,False
10,0.9317631006240844,0.7240812523024422,0.8724947269596638,A2,rel-stack,SAGE-homo,42,True
1,1.0727012511491776,0.8742913532824743,0.826533380462111,A2,rel-stack,SAGE-hetero,42,False
2,1.0166052767038345,0.7616593924661478,0.8388900879559033,A2,rel-stack,SAGE-hetero,42,False
3,1.0106618181467055,0.7470118869983015,0.8399115727393998,A2,rel-stack,SAGE-hetero,42,False
4,0.9890217604637146,0.8266021905555612,0.8567527502654002,A2,rel-stack,SAGE-hetero,42,False
5,0.9794038364887238,0.7733868009277752,0.8585165172728266,A2,rel-stack,SAGE-hetero,42,False
6,0.9633567988872528,0.7505386061966419,0.8648353560013724,A2,rel-stack,SAGE-hetero,42,False
7,0.9647753647565842,0.7908434599992775,0.8577300897283779,A2,rel-stack,SAGE-hetero,42,False
8,0.9665932066440582,0.7374380261060738,0.8606811220007873,A2,rel-stack,SAGE-hetero,42,False
9,0.9545916477441788,0.7353042025296461,0.8657408036452883,A2,rel-stack,SAGE-hetero,42,False
10,0.963312416434288,0.8370676359960011,0.866804900010762,A2,rel-stack,SAGE-hetero,42,True
1,1.06703662109375,0.7880547295014063,0.8493020646949611,A2,rel-stack,HGT-homo,42,False
2,0.9993018488883972,0.7869733988883949,0.8579216827560812,A2,rel-stack,HGT-homo,42,False
3,0.9785632845163346,0.7626769627843585,0.8571803302213157,A2,rel-stack,HGT-homo,42,False
4,0.9675480151176452,0.7600794569367454,0.8431361697771902,A2,rel-stack,HGT-homo,42,False
5,0.9641031666994094,0.7682165524789265,0.8606840875600742,A2,rel-stack,HGT-homo,42,False
6,0.966910214304924,0.7903056785109497,0.8740339740338414,A2,rel-stack,HGT-homo,42,False
7,0.9542824178934096,0.7617538122548944,0.8620278687302962,A2,rel-stack,HGT-homo,42,False
8,0.956899876832962,0.8110076664459138,0.8673384819320404,A2,rel-stack,HGT-homo,42,False
9,0.9554384291172028,0.7355925259845597,0.8682944012572341,A2,rel-stack,HGT-homo,42,True
1,1.0457942214012146,0.8466365174168632,0.8421866961311513,A2,rel-stack,HGT-hetero,42,False
2,0.99217839884758,0.8132136983885652,0.8511453076969606,A2,rel-stack,HGT-hetero,42,False
3,0.9816038072109222,0.7749482224739733,0.8633009438080108,A2,rel-stack,HGT-hetero,42,False
4,0.9706077309846878,0.8084020884264083,0.8408616902076144,A2,rel-stack,HGT-hetero,42,False
5,0.9862471990585328,0.7385104938986755,0.8487000785318877,A2,rel-stack,HGT-hetero,42,False
6,0.9814666761159896,0.7628481691437108,0.8491881255705004,A2,rel-stack,HGT-hetero,42,True
1,1.040059210459391,0.6958005625665897,0.8582133690027723,A4,rel-stack,L1,42,False
2,1.0343394557634988,0.7152867756251778,0.8536433352520229,A4,rel-stack,L1,42,False
3,0.9878551975886029,0.7376625312580949,0.8565373457604037,A4,rel-stack,L1,42,True
1,1.0431505992015202,0.7560466785161268,0.8581629047788941,A4,rel-stack,L2,42,False
2,1.0122068341573078,0.7927017227879593,0.84966470064255,A4,rel-stack,L2,42,False
3,0.9847810649871828,0.7918246868288233,0.853492377595372,A4,rel-stack,L2,42,True
1,1.045319762031237,0.8091874097784361,0.8532198717807505,A4,rel-stack,L3,42,False
2,0.99949374516805,0.8078938203730753,0.8439491282640287,A4,rel-stack,L3,42,False
3,1.0019281256198882,0.7005043288338042,0.8542235731517244,A4,rel-stack,L3,42,False
4,0.9900238054990768,0.8153810399983611,0.8600886837951505,A4,rel-stack,L3,42,False
5,0.9938907464345296,0.7894260434522515,0.8574379411229045,A4,rel-stack,L3,42,True
1,1.043693525393804,0.7212348689901686,0.8583619378057139,A4,rel-stack,L4,42,False
2,0.9996425183614096,0.749416084250524,0.8557682392696955,A4,rel-stack,L4,42,False
3,0.98987118601799,0.8674918159487701,0.8543740982791916,A4,rel-stack,L4,42,True
1,1.0619753829638163,0.7860117268172049,0.8509183218502056,A4,rel-stack,L6,42,False
2,1.0022489589452743,0.7367097576636643,0.8562436385583897,A4,rel-stack,L6,42,False
3,1.009918021162351,0.7310705138813882,0.8594990396286072,A4,rel-stack,L6,42,False
4,1.0096151463190717,0.7175828270791542,0.8573708444118598,A4,rel-stack,L6,42,False
5,0.9827199325958887,0.7847394463384435,0.8625972710282104,A4,rel-stack,L6,42,True
1,1.0623256909847258,0.8375308978415671,0.8490466487546886,A4,rel-stack,L8,42,False
2,1.0214156832297645,0.907907752941052,0.8391031334367893,A4,rel-stack,L8,42,False
3,1.0075497927268346,0.7462018334439823,0.8521077124741073,A4,rel-stack,L8,42,False
4,0.9887351667881012,0.7409398517615738,0.8509612864157692,A4,rel-stack,L8,42,False
5,1.0130307426055272,0.8446328133522045,0.8578768289825894,A4,rel-stack,L8,42,True
1,1.0377069234848022,0.6939107457708035,0.8596763890228529,A4,rel-stack,L1-skip,42,False
2,0.9816877915461858,0.7180140163926851,0.8490118376128144,A4,rel-stack,L1-skip,42,False
3,0.995132212638855,0.775442290075478,0.8475982079510528,A4,rel-stack,L1-skip,42,True
1,1.0394299191236496,0.7534023489625681,0.8568228175073316,A4,rel-stack,L2-skip,42,False
2,1.015432191491127,0.7886714787178096,0.8577139593727924,A4,rel-stack,L2-skip,42,False
3,0.994664367834727,0.8105653691149893,0.8602200086041489,A4,rel-stack,L2-skip,42,False
4,0.9714789922038716,0.7977412374956268,0.8513839420020722,A4,rel-stack,L2-skip,42,False
5,0.975241226752599,0.7143320339244037,0.8659245266304912,A4,rel-stack,L2-skip,42,True
1,1.0327913022041322,0.8089749884924718,0.8553990482677561,A4,rel-stack,L3-skip,42,False
2,1.0021052040656409,0.77477057695034,0.8464340655967894,A4,rel-stack,L3-skip,42,False
3,0.9756351176897684,0.7904264243053538,0.8611665316057004,A4,rel-stack,L3-skip,42,False
4,0.9915828631321588,0.7579906255538974,0.8573233308324694,A4,rel-stack,L3-skip,42,False
5,0.9702528043588002,0.7724011624675422,0.8665647170523094,A4,rel-stack,L3-skip,42,True
1,1.0304604264100392,0.7242190283944919,0.8625407041655647,A4,rel-stack,L4-skip,42,False
2,0.9925420983632406,0.7564719957077787,0.8556531243618798,A4,rel-stack,L4-skip,42,False
3,0.9768634845813116,0.756274725532248,0.846937497251016,A4,rel-stack,L4-skip,42,True
1,1.0334773576259613,0.8037475720934925,0.8563677992920612,A4,rel-stack,L6-skip,42,False
2,0.9988964486122132,0.8873552593092123,0.8570309311612055,A4,rel-stack,L6-skip,42,False
3,1.0053065399328869,0.7780674113226789,0.8557229156800217,A4,rel-stack,L6-skip,42,False
4,0.9939600735902786,0.8346074819564819,0.8672108733939005,A4,rel-stack,L6-skip,42,False
5,0.9724901566902796,0.7255154213025456,0.8650189124379816,A4,rel-stack,L6-skip,42,True
1,1.0600129468242327,0.8828150182962418,0.8545262913783955,A4,rel-stack,L8-skip,42,False
2,1.0063014034430189,0.7231186925477925,0.8567881207122532,A4,rel-stack,L8-skip,42,False
3,1.0052151244878769,0.7039554610493637,0.8647201416615605,A4,rel-stack,L8-skip,42,False
4,0.9744973975419998,0.8254188607845988,0.8587537346719925,A4,rel-stack,L8-skip,42,False
5,0.9674516741434732,0.7852469569160825,0.8624376478730896,A4,rel-stack,L8-skip,42,True
1,0.5030133860806624,0.4997395426034927,0.6332140511707075,A1,rel-trial,SAGE-MPNN-D,42,False
2,0.489010206113259,0.4921777546405792,0.6432703863044421,A1,rel-trial,SAGE-MPNN-D,42,False
3,0.4763404180606206,0.4893980920314789,0.6574055459504375,A1,rel-trial,SAGE-MPNN-D,42,False
4,0.4678844871620337,0.4833677411079407,0.6595901518502139,A1,rel-trial,SAGE-MPNN-D,42,False
5,0.4650629448393981,0.4786022752523422,0.6701200416370694,A1,rel-trial,SAGE-MPNN-D,42,False
6,0.4607447162270546,0.4816763699054718,0.6632713691537222,A1,rel-trial,SAGE-MPNN-D,42,False
7,0.4573185071349144,0.4793703258037567,0.676088617265088,A1,rel-trial,SAGE-MPNN-D,42,False
8,0.4493890168766181,0.4937433898448944,0.6572223785846076,A1,rel-trial,SAGE-MPNN-D,42,False
9,0.4493623475233714,0.4852648973464966,0.6571330286500565,A1,rel-trial,SAGE-MPNN-D,42,False
10,0.4485127118726571,0.4862933754920959,0.6673948686332587,A1,rel-trial,SAGE-MPNN-D,42,True
1,0.5016462951898575,0.5007475018501282,0.6198160284847591,A1,rel-trial,SAGE-MPNN-D,43,False
2,0.4839444359143575,0.5124762952327728,0.6455398746420419,A1,rel-trial,SAGE-MPNN-D,43,False
3,0.4755189754068851,0.49199078977108,0.6629586443827931,A1,rel-trial,SAGE-MPNN-D,43,False
4,0.4682667839030425,0.483172670006752,0.6605327936597287,A1,rel-trial,SAGE-MPNN-D,43,False
5,0.4600972061355908,0.4997827261686325,0.6607874409731994,A1,rel-trial,SAGE-MPNN-D,43,False
6,0.4583744431535403,0.4918058216571808,0.6745964733580833,A1,rel-trial,SAGE-MPNN-D,43,False
7,0.4550954314569632,0.4948294758796692,0.6719204428182757,A1,rel-trial,SAGE-MPNN-D,43,False
8,0.4516321135063966,0.4856623709201813,0.6565879940492944,A1,rel-trial,SAGE-MPNN-D,43,False
9,0.4477599523961544,0.4993959367275238,0.6647188380934511,A1,rel-trial,SAGE-MPNN-D,43,True
1,0.500181756913662,0.500078022480011,0.637136513297504,A1,rel-trial,SAGE-MPNN-D,44,False
2,0.4819136423369248,0.4873382598161697,0.6492791694030084,A1,rel-trial,SAGE-MPNN-D,44,False
3,0.474913931141297,0.4884255826473236,0.658839612399984,A1,rel-trial,SAGE-MPNN-D,44,False
4,0.4674050584435463,0.4826740324497223,0.668324107952591,A1,rel-trial,SAGE-MPNN-D,44,False
5,0.4604862183332443,0.4903799593448639,0.6665103042812021,A1,rel-trial,SAGE-MPNN-D,44,False
6,0.4608359883228938,0.4950811564922333,0.6746679533057243,A1,rel-trial,SAGE-MPNN-D,44,False
7,0.4580099719266097,0.509639248251915,0.6674708160776271,A1,rel-trial,SAGE-MPNN-D,44,False
8,0.4489924497902393,0.4909119009971618,0.6699681467483326,A1,rel-trial,SAGE-MPNN-D,44,False
9,0.4442400162418683,0.5129874050617218,0.66786842328638,A1,rel-trial,SAGE-MPNN-D,44,True
1,0.5042259829739729,0.4980719834566116,0.6207005928368157,A1,rel-trial,SAGE-MPNN-U,42,False
2,0.4867858315507571,0.4815936833620071,0.6659563346869849,A1,rel-trial,SAGE-MPNN-U,42,False
3,0.4686048949758212,0.4809702038764953,0.6721974276153841,A1,rel-trial,SAGE-MPNN-U,42,False
4,0.4629554599523544,0.4760571420192718,0.6754810377101399,A1,rel-trial,SAGE-MPNN-U,42,False
5,0.456800760080417,0.4681364893913269,0.6905945791394708,A1,rel-trial,SAGE-MPNN-U,42,False
6,0.4515305745104949,0.4839109927415848,0.6877845236978364,A1,rel-trial,SAGE-MPNN-U,42,False
7,0.4441219357152779,0.4794902801513672,0.6822716327360291,A1,rel-trial,SAGE-MPNN-U,42,False
8,0.4364630356431007,0.4887986183166504,0.6689584924879042,A1,rel-trial,SAGE-MPNN-U,42,True
1,0.5031970379253229,0.4960610568523407,0.628603594547867,A1,rel-trial,SAGE-MPNN-U,43,False
2,0.4826903852323691,0.4890658408403396,0.6685742877693341,A1,rel-trial,SAGE-MPNN-U,43,False
3,0.4683023405571778,0.4794818609952926,0.676289654617828,A1,rel-trial,SAGE-MPNN-U,43,False
4,0.4640609299143155,0.475336879491806,0.674994080566836,A1,rel-trial,SAGE-MPNN-U,43,False
5,0.454311237980922,0.5136596262454987,0.6747215632664549,A1,rel-trial,SAGE-MPNN-U,43,False
6,0.453556191176176,0.4796648621559143,0.6834599868655598,A1,rel-trial,SAGE-MPNN-U,43,False
7,0.4458340555429458,0.4911638498306274,0.6752800003573998,A1,rel-trial,SAGE-MPNN-U,43,False
8,0.4389088936150074,0.4831224679946899,0.6679041632602005,A1,rel-trial,SAGE-MPNN-U,43,False
9,0.4366956601540248,0.5113992542028427,0.6756418675923319,A1,rel-trial,SAGE-MPNN-U,43,True
1,0.4977351340154807,0.4946591109037399,0.6488547572138903,A1,rel-trial,SAGE-MPNN-U,44,False
2,0.476978175342083,0.4803019016981125,0.6683687829198666,A1,rel-trial,SAGE-MPNN-U,44,False
3,0.4646888598799705,0.4738748967647552,0.6816372482007157,A1,rel-trial,SAGE-MPNN-U,44,False
4,0.4594409031172593,0.47105473279953,0.6914880784849825,A1,rel-trial,SAGE-MPNN-U,44,False
5,0.4519249958296616,0.4777313619852066,0.6831606645848132,A1,rel-trial,SAGE-MPNN-U,44,False
6,0.4503277689218521,0.4911242574453354,0.6897278847743245,A1,rel-trial,SAGE-MPNN-U,44,False
7,0.4489940156539281,0.4835586696863174,0.6785904154325207,A1,rel-trial,SAGE-MPNN-U,44,True
1,0.5025373498598734,0.4989206790924072,0.6476574680909046,A1,rel-trial,SAGE-Dir-GNN,42,False
2,0.4807915203273296,0.4838765114545822,0.6727335272226913,A1,rel-trial,SAGE-Dir-GNN,42,False
3,0.4692616611719131,0.5004447996616364,0.6678818257765626,A1,rel-trial,SAGE-Dir-GNN,42,False
4,0.4636576759318511,0.492305189371109,0.6646830981196307,A1,rel-trial,SAGE-Dir-GNN,42,False
5,0.4592685190339883,0.47781702876091,0.6848806508249232,A1,rel-trial,SAGE-Dir-GNN,42,False
6,0.4509707354009151,0.4949945658445358,0.6768168192316799,A1,rel-trial,SAGE-Dir-GNN,42,False
7,0.4451851931711038,0.4888882637023926,0.6802076492478969,A1,rel-trial,SAGE-Dir-GNN,42,False
8,0.4391674337287743,0.4814793020486831,0.6705176488458223,A1,rel-trial,SAGE-Dir-GNN,42,True
1,0.5031305216252804,0.4953055083751678,0.6326154066092147,A1,rel-trial,SAGE-Dir-GNN,43,False
2,0.4839660339057445,0.4804546535015106,0.6712369158189592,A1,rel-trial,SAGE-Dir-GNN,43,False
3,0.4688694775104522,0.4783485978841781,0.6816059757236228,A1,rel-trial,SAGE-Dir-GNN,43,False
4,0.4614559859037399,0.4996978491544723,0.6874137214694491,A1,rel-trial,SAGE-Dir-GNN,43,False
5,0.4569049601753552,0.4855617433786392,0.6771742189698847,A1,rel-trial,SAGE-Dir-GNN,43,False
6,0.4469413707653681,0.4747102856636047,0.6796626146471348,A1,rel-trial,SAGE-Dir-GNN,43,False
7,0.4450355271498362,0.4977977573871612,0.6767944817480421,A1,rel-trial,SAGE-Dir-GNN,43,True
1,0.4971587682763735,0.493821918964386,0.645365642269667,A1,rel-trial,SAGE-Dir-GNN,44,False
2,0.4744455392162005,0.479599729180336,0.6716144192924378,A1,rel-trial,SAGE-Dir-GNN,44,False
3,0.463734192152818,0.4700573682785034,0.6864934171435719,A1,rel-trial,SAGE-Dir-GNN,44,False
4,0.4560255346198876,0.4797084778547287,0.6781257957728546,A1,rel-trial,SAGE-Dir-GNN,44,False
5,0.4608250744640827,0.4809541553258896,0.6717417429491733,A1,rel-trial,SAGE-Dir-GNN,44,False
6,0.4446605357031027,0.5165294408798218,0.6778800834528389,A1,rel-trial,SAGE-Dir-GNN,44,True
1,0.4979930333793163,0.5018847286701202,0.6032416156255166,A1,rel-trial,GAT-MPNN-D,42,False
2,0.4950032134850819,0.5100609660148621,0.5981039943888241,A1,rel-trial,GAT-MPNN-D,42,False
3,0.4922074812153975,0.5012002289295197,0.6041485174612109,A1,rel-trial,GAT-MPNN-D,42,False
4,0.4914365361134211,0.4990963339805603,0.6094290985931853,A1,rel-trial,GAT-MPNN-D,42,False
5,0.4879367848237355,0.4990359544754028,0.6147409522022526,A1,rel-trial,GAT-MPNN-D,42,False
6,0.4851833842694759,0.5077010095119476,0.6140842301833015,A1,rel-trial,GAT-MPNN-D,42,False
7,0.4820141593615214,0.4953667670488357,0.6264949360924593,A1,rel-trial,GAT-MPNN-D,42,False
8,0.4790073732535044,0.4954949468374252,0.6323339543153785,A1,rel-trial,GAT-MPNN-D,42,False
9,0.4774134717881679,0.4948457926511764,0.639079874373992,A1,rel-trial,GAT-MPNN-D,42,False
10,0.4757524641851584,0.4975784420967102,0.645589017106045,A1,rel-trial,GAT-MPNN-D,42,True
1,0.4999144201477368,0.5042004883289337,0.597902957036084,A1,rel-trial,GAT-MPNN-D,43,False
2,0.4948413160940011,0.5033338665962219,0.5975723622782445,A1,rel-trial,GAT-MPNN-D,43,False
3,0.4920283171037833,0.506010502576828,0.6005521825955262,A1,rel-trial,GAT-MPNN-D,43,False
4,0.4891599876185258,0.5009928345680237,0.6082005369931067,A1,rel-trial,GAT-MPNN-D,43,False
5,0.4855661119023959,0.5099731087684631,0.6261107313738894,A1,rel-trial,GAT-MPNN-D,43,False
6,0.4832121481498082,0.5106480121612549,0.6248553647934453,A1,rel-trial,GAT-MPNN-D,43,False
7,0.4809759656588236,0.492728441953659,0.6320256970411771,A1,rel-trial,GAT-MPNN-D,43,False
8,0.4777965868512789,0.5086449682712555,0.6207899427713669,A1,rel-trial,GAT-MPNN-D,43,False
9,0.4767695218324661,0.4917412996292114,0.6397902063536738,A1,rel-trial,GAT-MPNN-D,43,False
10,0.4743628439803918,0.492914468050003,0.6436501235262845,A1,rel-trial,GAT-MPNN-D,43,True
1,0.4974156382183234,0.5020304024219513,0.5945433994969599,A1,rel-trial,GAT-MPNN-D,44,False
2,0.4944178313016891,0.5006423145532608,0.6080129021305491,A1,rel-trial,GAT-MPNN-D,44,False
3,0.4904493689537048,0.507298469543457,0.6136620517425472,A1,rel-trial,GAT-MPNN-D,44,False
4,0.4884185120463371,0.5049836933612823,0.6230147561416911,A1,rel-trial,GAT-MPNN-D,44,False
5,0.4862533385554949,0.5041835904121399,0.6215538847117794,A1,rel-trial,GAT-MPNN-D,44,False
6,0.482921061416467,0.5140734910964966,0.6234302333373541,A1,rel-trial,GAT-MPNN-D,44,False
7,0.4806306287646293,0.4918391406536102,0.6399823087129588,A1,rel-trial,GAT-MPNN-D,44,False
8,0.4785206305483977,0.4999064803123474,0.6471705109476008,A1,rel-trial,GAT-MPNN-D,44,False
9,0.4763327774902184,0.4950567632913589,0.6385125022895921,A1,rel-trial,GAT-MPNN-D,44,False
10,0.4762825146317482,0.4910631328821182,0.6480014653389267,A1,rel-trial,GAT-MPNN-D,44,True
1,0.490648311873277,0.4864222109317779,0.6488994321811659,A1,rel-trial,GAT-MPNN-U,42,False
2,0.4783523380756378,0.5075052082538605,0.6444230004601521,A1,rel-trial,GAT-MPNN-U,42,False
3,0.4698519309361775,0.4867349565029144,0.6498644114743186,A1,rel-trial,GAT-MPNN-U,42,False
4,0.4622935578227043,0.4877881705760956,0.6491451445011817,A1,rel-trial,GAT-MPNN-U,42,False
5,0.4580604794124762,0.4913792461156845,0.6537734711109324,A1,rel-trial,GAT-MPNN-U,42,False
6,0.4515360966324806,0.4957624077796936,0.649748256559402,A1,rel-trial,GAT-MPNN-U,42,False
7,0.4454440958797931,0.5022991895675659,0.6542157532869607,A1,rel-trial,GAT-MPNN-U,42,False
8,0.4416089629133542,0.53257817029953,0.6496142316575754,A1,rel-trial,GAT-MPNN-U,42,False
9,0.4376504955192407,0.4978608042001724,0.6583169152828596,A1,rel-trial,GAT-MPNN-U,42,False
10,0.4285950064659118,0.5478659868240356,0.6523930146221169,A1,rel-trial,GAT-MPNN-U,42,True
1,0.4948675806323687,0.4971957355737686,0.62673171341902,A1,rel-trial,GAT-MPNN-U,43,False
2,0.4801863878965378,0.4936230778694153,0.6489351721549865,A1,rel-trial,GAT-MPNN-U,43,False
3,0.4695272408425808,0.4975576996803283,0.6507981182903784,A1,rel-trial,GAT-MPNN-U,43,False
4,0.4615986744562785,0.5020142495632172,0.6447625302114467,A1,rel-trial,GAT-MPNN-U,43,False
5,0.4578259140253067,0.4909940510988235,0.6492657669128258,A1,rel-trial,GAT-MPNN-U,43,False
6,0.4542635294298331,0.4995324909687042,0.6455398746420418,A1,rel-trial,GAT-MPNN-U,43,True
1,0.493455699334542,0.4915112853050232,0.6378423777804584,A1,rel-trial,GAT-MPNN-U,44,False
2,0.4790347938736279,0.4893301427364349,0.6480595427963849,A1,rel-trial,GAT-MPNN-U,44,False
3,0.4694066569209099,0.4863820075988769,0.6529916591836096,A1,rel-trial,GAT-MPNN-U,44,False
4,0.4626922085881233,0.4909556359052658,0.6639057536890355,A1,rel-trial,GAT-MPNN-U,44,False
5,0.4591248581806819,0.4843834340572357,0.6584152002108659,A1,rel-trial,GAT-MPNN-U,44,False
6,0.4497148369749387,0.4977476447820663,0.6589825722952658,A1,rel-trial,GAT-MPNN-U,44,False
7,0.4462593669692675,0.4883105009794235,0.6542738307444189,A1,rel-trial,GAT-MPNN-U,44,True
1,0.4933127661546071,0.4994273483753204,0.63205696951827,A1,rel-trial,GAT-Dir-GNN,42,False
2,0.4781547772387663,0.4907071441411972,0.6517407600998932,A1,rel-trial,GAT-Dir-GNN,42,False
3,0.4682336946328481,0.4917003065347671,0.6424573019000264,A1,rel-trial,GAT-Dir-GNN,42,False
4,0.4670701523621877,0.490732729434967,0.6460670392558938,A1,rel-trial,GAT-Dir-GNN,42,False
5,0.4570505594213803,0.4898845851421356,0.6516424751718869,A1,rel-trial,GAT-Dir-GNN,42,True
1,0.4924543586870034,0.4954382479190826,0.6403665134315288,A1,rel-trial,GAT-Dir-GNN,43,False
2,0.4773480494817098,0.4902969300746918,0.6549171502731874,A1,rel-trial,GAT-Dir-GNN,43,False
3,0.4684626658757527,0.4875583499670028,0.6566952139707557,A1,rel-trial,GAT-Dir-GNN,43,False
4,0.458281343181928,0.5111343562602997,0.6596616317978548,A1,rel-trial,GAT-Dir-GNN,43,False
5,0.4574984659751256,0.4858450144529342,0.6615692529005224,A1,rel-trial,GAT-Dir-GNN,43,False
6,0.4518741630017757,0.4904152154922485,0.6594427244582044,A1,rel-trial,GAT-Dir-GNN,43,False
7,0.4442760224143664,0.4918926507234573,0.6664522268237438,A1,rel-trial,GAT-Dir-GNN,43,False
8,0.4391076092918713,0.4967341423034668,0.6578031531591904,A1,rel-trial,GAT-Dir-GNN,43,False
9,0.4317940038939317,0.5030561089515686,0.645861534406426,A1,rel-trial,GAT-Dir-GNN,43,False
10,0.4258637974659602,0.5244317054748535,0.6397723363667637,A1,rel-trial,GAT-Dir-GNN,43,True
1,0.4936684903999169,0.4991549551486969,0.6245873149897918,A1,rel-trial,GAT-Dir-GNN,44,False
2,0.4803667565186818,0.4914702475070953,0.6394149366285589,A1,rel-trial,GAT-Dir-GNN,44,False
3,0.4718238326410452,0.4873846918344497,0.6505702759572729,A1,rel-trial,GAT-Dir-GNN,44,False
4,0.4634919054806232,0.4855676889419555,0.654081728385134,A1,rel-trial,GAT-Dir-GNN,44,False
5,0.4589389500518639,0.4845925867557525,0.6492791694030084,A1,rel-trial,GAT-Dir-GNN,44,False
6,0.4525657693545024,0.4973090440034866,0.6628335544744213,A1,rel-trial,GAT-Dir-GNN,44,False
7,0.449579572925965,0.4819999784231186,0.659710774261858,A1,rel-trial,GAT-Dir-GNN,44,False
8,0.4439580601950486,0.4923644363880157,0.6543363756986048,A1,rel-trial,GAT-Dir-GNN,44,False
9,0.4369371831417084,0.4957487285137176,0.6507266383427375,A1,rel-trial,GAT-Dir-GNN,44,True
1,0.4920685949424903,0.5147683322429657,0.6259364990015144,A2,rel-trial,SAGE-homo,42,False
2,0.4798558205366134,0.4929147511720657,0.6394975853180188,A2,rel-trial,SAGE-homo,42,False
3,0.4702570264538129,0.4877606183290481,0.6595186719025727,A2,rel-trial,SAGE-homo,42,False
4,0.4648604852457841,0.4893203675746918,0.6526565969290428,A2,rel-trial,SAGE-homo,42,False
5,0.4580053550501664,0.4926311075687408,0.6591210646938201,A2,rel-trial,SAGE-homo,42,False
6,0.4544491122166316,0.4860672056674957,0.6609080633848436,A2,rel-trial,SAGE-homo,42,False
7,0.4456918040911357,0.5100254118442535,0.6488011472531596,A2,rel-trial,SAGE-homo,42,False
8,0.4469624049961567,0.4845414161682129,0.666724744124125,A2,rel-trial,SAGE-homo,42,False
9,0.4388549973567326,0.5092265903949738,0.6649600829167392,A2,rel-trial,SAGE-homo,42,False
10,0.4333348621924718,0.5013473629951477,0.649082599546996,A2,rel-trial,SAGE-homo,42,True
1,0.4935208509365718,0.5338299572467804,0.6304039957290731,A2,rel-trial,SAGE-homo,43,False
2,0.4810966402292251,0.4906901717185974,0.6459285468573395,A2,rel-trial,SAGE-homo,43,False
3,0.4676489209135373,0.5054023563861847,0.6232113259977037,A2,rel-trial,SAGE-homo,43,False
4,0.4661151580512523,0.4919516444206238,0.6496589066248508,A2,rel-trial,SAGE-homo,43,False
5,0.4588750513891379,0.4868026375770569,0.6554443148870394,A2,rel-trial,SAGE-homo,43,False
6,0.4543291901548703,0.4909879863262176,0.6608365834372025,A2,rel-trial,SAGE-homo,43,False
7,0.4476482383906841,0.5019602328538895,0.6614530979856058,A2,rel-trial,SAGE-homo,43,False
8,0.4450745756427447,0.5208595097064972,0.6497259190757643,A2,rel-trial,SAGE-homo,43,False
9,0.4423907659947872,0.5262165367603302,0.6580354629890234,A2,rel-trial,SAGE-homo,43,False
10,0.4361754866937796,0.4885503798723221,0.6670866113590572,A2,rel-trial,SAGE-homo,43,True
1,0.4970028176903724,0.5080966949462891,0.5990421687016114,A2,rel-trial,SAGE-homo,44,False
2,0.4801183640956878,0.4878937155008316,0.6500922538074242,A2,rel-trial,SAGE-homo,44,False
3,0.4707423982520898,0.488825112581253,0.6534875513203686,A2,rel-trial,SAGE-homo,44,False
4,0.4648770466446876,0.4826583713293075,0.6639995711203142,A2,rel-trial,SAGE-homo,44,False
5,0.4618160873651504,0.4919003397226333,0.6443023780485081,A2,rel-trial,SAGE-homo,44,False
6,0.4550449413557847,0.4936981499195099,0.6579237755708344,A2,rel-trial,SAGE-homo,44,False
7,0.4484914367397626,0.5018320828676224,0.6603853662677193,A2,rel-trial,SAGE-homo,44,True
1,0.5064133480191231,0.5005845576524734,0.6249983246887272,A2,rel-trial,SAGE-hetero,42,False
2,0.48182504499952,0.4887155294418335,0.6604925861891806,A2,rel-trial,SAGE-hetero,42,False
3,0.4732337569197019,0.4848945140838623,0.6734058854801888,A2,rel-trial,SAGE-hetero,42,False
4,0.4650607295334339,0.4787143170833587,0.6775986311590028,A2,rel-trial,SAGE-hetero,42,False
5,0.4594583536187808,0.4726021140813827,0.6849074558052888,A2,rel-trial,SAGE-hetero,42,False
6,0.4514134327570597,0.4874980896711349,0.6784295855503286,A2,rel-trial,SAGE-hetero,42,False
7,0.4487705950935681,0.4784840643405914,0.679649212156952,A2,rel-trial,SAGE-hetero,42,False
8,0.4433674551546573,0.4764949232339859,0.6802165842413521,A2,rel-trial,SAGE-hetero,42,True
1,0.5008281419674555,0.4922004789113998,0.6451333324398341,A2,rel-trial,SAGE-hetero,43,False
2,0.4773887991905212,0.5010506510734558,0.6640487135843174,A2,rel-trial,SAGE-hetero,43,False
3,0.4677337942024072,0.4796679764986038,0.6796670821438623,A2,rel-trial,SAGE-hetero,43,False
4,0.4603556431829929,0.4956585317850113,0.6841390463681487,A2,rel-trial,SAGE-hetero,43,False
5,0.4567666960259278,0.4773385673761368,0.6823609826705802,A2,rel-trial,SAGE-hetero,43,False
6,0.4460211892922719,0.4742974489927292,0.6825262800495,A2,rel-trial,SAGE-hetero,43,False
7,0.4464732743799686,0.4866624772548675,0.6836029467608415,A2,rel-trial,SAGE-hetero,43,True
1,0.5000561016301314,0.4930055439472198,0.65282636180469,A2,rel-trial,SAGE-hetero,44,False
2,0.4741369808713595,0.4749531596899032,0.676521964447661,A2,rel-trial,SAGE-hetero,44,False
3,0.4660360875229041,0.4731648564338684,0.6908804989300346,A2,rel-trial,SAGE-hetero,44,False
4,0.4579083224137624,0.4723191261291504,0.6813021859461488,A2,rel-trial,SAGE-hetero,44,False
5,0.4606790654361248,0.4736013859510422,0.6807214113715662,A2,rel-trial,SAGE-hetero,44,False
6,0.4508214940627416,0.4757532030344009,0.6857250077064319,A2,rel-trial,SAGE-hetero,44,True
1,0.499578492095073,0.5031276643276215,0.625203829538195,A2,rel-trial,HGT-homo,42,False
2,0.4830102920532226,0.4972936660051346,0.6453745772631222,A2,rel-trial,HGT-homo,42,False
3,0.4719310477375984,0.4843846410512924,0.6625521021805851,A2,rel-trial,HGT-homo,42,False
4,0.465793214738369,0.4840500354766845,0.6668543015292241,A2,rel-trial,HGT-homo,42,False
5,0.4628626803557078,0.488072857260704,0.6512448679631342,A2,rel-trial,HGT-homo,42,False
6,0.4575732213755448,0.4879492819309234,0.6621500274751049,A2,rel-trial,HGT-homo,42,False
7,0.4529544860124588,0.4905315637588501,0.6567398889380314,A2,rel-trial,HGT-homo,42,True
1,0.5014337164660295,0.5087046921253204,0.6163090435536256,A2,rel-trial,HGT-homo,43,False
2,0.4832758978009224,0.5194831490516663,0.6438511608790247,A2,rel-trial,HGT-homo,43,False
3,0.4715697715679804,0.4864062368869781,0.6589200273410799,A2,rel-trial,HGT-homo,43,False
4,0.4650827012956142,0.481202557682991,0.6735376766336518,A2,rel-trial,HGT-homo,43,False
5,0.4604970850050449,0.4834842681884765,0.6645446057210762,A2,rel-trial,HGT-homo,43,False
6,0.4573919388155142,0.4928344041109085,0.6586877175112469,A2,rel-trial,HGT-homo,43,False
7,0.4501325376331806,0.4800721704959869,0.6749047306322848,A2,rel-trial,HGT-homo,43,False
8,0.444361758728822,0.4870987832546234,0.6593623095171083,A2,rel-trial,HGT-homo,43,False
9,0.441697183996439,0.4909760057926178,0.6609840108292121,A2,rel-trial,HGT-homo,43,False
10,0.4405886468787988,0.4998212307691574,0.6542782982411466,A2,rel-trial,HGT-homo,43,True
1,0.4995995076994101,0.5071461796760559,0.5962633857370699,A2,rel-trial,HGT-homo,44,False
2,0.4807020785907904,0.4883076846599579,0.6574278834340754,A2,rel-trial,HGT-homo,44,False
3,0.4721452457209428,0.5015199482440948,0.6485375649462338,A2,rel-trial,HGT-homo,44,False
4,0.4677759098509947,0.4945520013570785,0.6566907464740281,A2,rel-trial,HGT-homo,44,False
5,0.4628684210280577,0.4881531447172165,0.6547563203909953,A2,rel-trial,HGT-homo,44,True
1,0.4959267576535542,0.5159687995910645,0.6340137330849406,A2,rel-trial,HGT-hetero,42,False
2,0.4817480047543843,0.4943063110113144,0.634250510411501,A2,rel-trial,HGT-hetero,42,False
3,0.4727104182044665,0.4910335540771484,0.6513074129173201,A2,rel-trial,HGT-hetero,42,False
4,0.4658553215364615,0.4837303906679153,0.6620472750503709,A2,rel-trial,HGT-hetero,42,False
5,0.4623437933623791,0.4869601130485534,0.6640442460875897,A2,rel-trial,HGT-hetero,42,False
6,0.4572280769546826,0.4901543259620666,0.6636957813428401,A2,rel-trial,HGT-hetero,42,False
7,0.4564122408628464,0.4835071265697479,0.6647992530345471,A2,rel-trial,HGT-hetero,42,False
8,0.4518414971729119,0.4879270642995834,0.6545865555153482,A2,rel-trial,HGT-hetero,42,False
9,0.448931789646546,0.4917224645614624,0.6562261268143621,A2,rel-trial,HGT-hetero,42,False
10,0.4443836621940136,0.5000112354755402,0.6479701928618338,A2,rel-trial,HGT-hetero,42,True
1,0.4968372260530789,0.5012555420398712,0.6146113947971533,A2,rel-trial,HGT-hetero,43,False
2,0.4799707805116971,0.4942000657320022,0.6455175371584041,A2,rel-trial,HGT-hetero,43,False
3,0.4718371058503787,0.4958442747592926,0.6489843146189895,A2,rel-trial,HGT-hetero,43,False
4,0.4657843063275019,0.4959941208362579,0.6524555595763026,A2,rel-trial,HGT-hetero,43,False
5,0.4630011233190695,0.4866339564323425,0.6558865970630677,A2,rel-trial,HGT-hetero,43,False
6,0.4594099223613739,0.4879134893417358,0.6623197923507521,A2,rel-trial,HGT-hetero,43,False
7,0.4540007313092549,0.4864762127399444,0.6580354629890234,A2,rel-trial,HGT-hetero,43,False
8,0.4505056006213029,0.4982293993234634,0.6555135610863165,A2,rel-trial,HGT-hetero,43,False
9,0.4477791811029116,0.4889541566371918,0.6584866801585068,A2,rel-trial,HGT-hetero,43,True
1,0.49879371002316475,0.5081301033496857,0.6284338296722198,A2,rel-trial,HGT-hetero,44,False
2,0.4793142266571522,0.488042488694191,0.6606266110910074,A2,rel-trial,HGT-hetero,44,False
3,0.46671227117379505,0.48713356256484985,0.6581292804203022,A2,rel-trial,HGT-hetero,44,False
4,0.4633881499369939,0.48440341651439667,0.6585581601061478,A2,rel-trial,HGT-hetero,44,False
5,0.45724814385175705,0.48265427350997925,0.6623331948409348,A2,rel-trial,HGT-hetero,44,False
6,0.45377737656235695,0.5148846209049225,0.6715183681127954,A2,rel-trial,HGT-hetero,44,False
7,0.4516209165255229,0.484381839632988,0.6575217008653542,A2,rel-trial,HGT-hetero,44,False
8,0.44373224178949994,0.48710815608501434,0.6635304839639206,A2,rel-trial,HGT-hetero,44,False
9,0.43946349372466403,0.49577856063842773,0.6662154494971833,A2,rel-trial,HGT-hetero,44,True
1,0.49926594343591246,0.4995477646589279,0.6271114506408625,A4,rel-trial,L1,42,False
2,0.4855244311880558,0.48691175132989883,0.6574948958849888,A4,rel-trial,L1,42,False
3,0.47819998733540797,0.4964865446090698,0.6610376207899429,A4,rel-trial,L1,42,False
4,0.46949757603888814,0.48686056584119797,0.6635349514606481,A4,rel-trial,L1,42,False
5,0.46438659569050406,0.4892507866024971,0.6488413547237077,A4,rel-trial,L1,42,True
1,0.49866440131309187,0.5017796605825424,0.6309400953363802,A4,rel-trial,L1,43,False
2,0.48715184533849676,0.488803930580616,0.657168768623877,A4,rel-trial,L1,43,False
3,0.4757087414569043,0.5023945719003677,0.6480774127832951,A4,rel-trial,L1,43,False
4,0.4660114309889205,0.4877924397587776,0.6706874137214693,A4,rel-trial,L1,43,False
5,0.46314985130695585,0.47968966513872147,0.6706069987803733,A4,rel-trial,L1,43,True
1,0.4994065482565697,0.5056622996926308,0.5998641880994823,A4,rel-trial,L1,44,False
2,0.4871485214284126,0.49319206923246384,0.647340275823248,A4,rel-trial,L1,44,False
3,0.4765225699607362,0.4936044365167618,0.6423366794883822,A4,rel-trial,L1,44,False
4,0.46776699132107674,0.49077261984348297,0.6437216034739255,A4,rel-trial,L1,44,True
1,0.49202791173407373,0.48856767266988754,0.6576467907737258,A4,rel-trial,L2,42,False
2,0.4760289604359485,0.48599446564912796,0.6625521021805851,A4,rel-trial,L2,42,False
3,0.46123479718857624,0.4875956103205681,0.683526999316473,A4,rel-trial,L2,42,False
4,0.4549882278797474,0.4847022071480751,0.6749494055995604,A4,rel-trial,L2,42,False
5,0.44812193956780944,0.48136305063962936,0.6776388386295507,A4,rel-trial,L2,42,True
1,0.4906940923092213,0.5146725848317146,0.6315968173553312,A4,rel-trial,L2,43,False
2,0.47058122906279054,0.492411732673645,0.6644865282636181,A4,rel-trial,L2,43,False
3,0.4624811353835654,0.47963015735149384,0.6697224344283168,A4,rel-trial,L2,43,False
4,0.45573834282286624,0.4850482791662216,0.6544480631167937,A4,rel-trial,L2,43,False
5,0.45551698575628563,0.4830329865217209,0.6647992530345472,A4,rel-trial,L2,43,True
1,0.49115307914449813,0.48236215859651566,0.6658580497589786,A4,rel-trial,L2,44,False
2,0.47075894094528037,0.4908919706940651,0.6593444395301981,A4,rel-trial,L2,44,False
3,0.4609848165765722,0.48570241779088974,0.6681454080834885,A4,rel-trial,L2,44,False
4,0.4545673518738848,0.4836035221815109,0.6733143017972739,A4,rel-trial,L2,44,False
5,0.4498305834354238,0.4799242615699768,0.690259516884904,A4,rel-trial,L2,44,True
1,0.4950574294049689,0.4913022592663765,0.6513476203878681,A4,rel-trial,L3,42,False
2,0.475226343312162,0.4901026114821434,0.6562752692783653,A4,rel-trial,L3,42,False
3,0.4637758287977665,0.47924555093050003,0.6714245506815166,A4,rel-trial,L3,42,False
4,0.4568816987757987,0.488964281976223,0.6812083685148701,A4,rel-trial,L3,42,False
5,0.4507239904809505,0.48131248354911804,0.6612922681034137,A4,rel-trial,L3,42,True
1,0.49588005720300876,0.4909469485282898,0.6446776477736229,A4,rel-trial,L3,43,False
2,0.4737141950333372,0.485954649746418,0.6701513141141624,A4,rel-trial,L3,43,False
3,0.46393358009926816,0.480286069214344,0.6681454080834885,A4,rel-trial,L3,43,False
4,0.4559140357565373,0.4800611212849617,0.6684179253838696,A4,rel-trial,L3,43,True
1,0.49743173097042326,0.493867002427578,0.6613369430706892,A4,rel-trial,L3,44,False
2,0.4735828783917934,0.49385636299848557,0.637784300323,A4,rel-trial,L3,44,False
3,0.4660696951632804,0.4847261756658554,0.6692265422915578,A4,rel-trial,L3,44,False
4,0.4564171357357756,0.4831583574414253,0.6748511206715542,A4,rel-trial,L3,44,False
5,0.45230022072792053,0.48453663289546967,0.6798681194966024,A4,rel-trial,L3,44,True
1,0.500371404150699,0.49971410632133484,0.6277458351761758,A4,rel-trial,L4,42,False
2,0.48110417672928346,0.5003588125109673,0.6748645231617367,A4,rel-trial,L4,42,False
3,0.46788424443691334,0.48126061260700226,0.667372531149621,A4,rel-trial,L4,42,False
4,0.4640718514614917,0.4795658811926842,0.6845947310343596,A4,rel-trial,L4,42,False
5,0.45866368996336104,0.48627521097660065,0.6760528772912674,A4,rel-trial,L4,42,True
1,0.49528237860253516,0.4939979761838913,0.647481001970166,A4,rel-trial,L4,43,False
2,0.4738217795148809,0.4819674789905548,0.6711430983876805,A4,rel-trial,L4,43,False
3,0.46656419051454423,0.4827917441725731,0.6639682986432213,A4,rel-trial,L4,43,False
4,0.4616103387893514,0.48419158160686493,0.6546803729466268,A4,rel-trial,L4,43,True
1,0.49594465722428993,0.4919242337346077,0.6422205245734658,A4,rel-trial,L4,44,False
2,0.4754079282283783,0.49245233833789825,0.6693069572326538,A4,rel-trial,L4,44,False
3,0.4675464389172006,0.502622552216053,0.6703836239439955,A4,rel-trial,L4,44,False
4,0.46173128485679626,0.48265567421913147,0.6863370547581075,A4,rel-trial,L4,44,False
5,0.4527132098979138,0.4765856862068176,0.6817757405992702,A4,rel-trial,L4,44,True
1,0.49888176550256447,0.5064531415700912,0.6204370105298898,A4,rel-trial,L6,42,False
2,0.48341129434869645,0.48950182646512985,0.6611225032277663,A4,rel-trial,L6,42,False
3,0.47136556594929796,0.49068544805049896,0.6629318394024277,A4,rel-trial,L6,42,False
4,0.4626318527028916,0.48521537333726883,0.676137759729091,A4,rel-trial,L6,42,False
5,0.45706042203497377,0.48805150389671326,0.6668140940586762,A4,rel-trial,L6,42,True
1,0.49999314356357494,0.5067160055041313,0.5866225277989984,A4,rel-trial,L6,43,False
2,0.4841177615713566,0.4881996363401413,0.6589066248508973,A4,rel-trial,L6,43,False
3,0.469711793864027,0.4815834239125252,0.6718578978640898,A4,rel-trial,L6,43,False
4,0.4633796950604053,0.4843534007668495,0.6703880914407231,A4,rel-trial,L6,43,False
5,0.4621140741287394,0.4835723713040352,0.6713173307600553,A4,rel-trial,L6,43,True
1,0.5008403360843658,0.5141439139842987,0.6149509245484479,A4,rel-trial,L6,44,False
2,0.4878539836153071,0.49582207202911377,0.6705131813490947,A4,rel-trial,L6,44,False
3,0.4699748355023404,0.4777333214879036,0.6697179669315892,A4,rel-trial,L6,44,False
4,0.4648523983803201,0.47689245641231537,0.6751683129392108,A4,rel-trial,L6,44,False
5,0.46152094323584375,0.47665946185588837,0.6760037348272642,A4,rel-trial,L6,44,True
1,0.502511756851318,0.5100332647562027,0.5885390838951211,A4,rel-trial,L8,42,False
2,0.49227300413111424,0.49710097908973694,0.6208524877255528,A4,rel-trial,L8,42,False
3,0.48044071172146086,0.49181894958019257,0.6620026000830954,A4,rel-trial,L8,42,False
4,0.4719115717613951,0.49205952882766724,0.6614575654823334,A4,rel-trial,L8,42,False
5,0.46850151838140286,0.4859321862459183,0.6600458365164247,A4,rel-trial,L8,42,True
1,0.5010633164263786,0.5075364410877228,0.5775401069518717,A4,rel-trial,L8,43,False
2,0.4873767964383389,0.49430329352617264,0.6422964720178344,A4,rel-trial,L8,43,False
3,0.4784788990274389,0.4899391084909439,0.646428906490826,A4,rel-trial,L8,43,False
4,0.4690480327352564,0.48971275240182877,0.6713530707338757,A4,rel-trial,L8,43,False
5,0.4642062060376431,0.48836376518011093,0.6678148133256494,A4,rel-trial,L8,43,True
1,0.49647842252508123,0.4912893697619438,0.6413091552410438,A4,rel-trial,L8,44,False
2,0.48052336307282145,0.5009491518139839,0.6651879252498447,A4,rel-trial,L8,44,False
3,0.4709607134474085,0.4776739105582237,0.6748198481944612,A4,rel-trial,L8,44,False
4,0.4632034675872072,0.4904600903391838,0.6789612176609081,A4,rel-trial,L8,44,False
5,0.4571992831027254,0.4837821125984192,0.6713307332502378,A4,rel-trial,L8,44,True
1,0.4953336836175716,0.498087614774704,0.6358096667694192,A4,rel-trial,L1-skip,42,False
2,0.4774185723446785,0.49827709794044495,0.6311634701727582,A4,rel-trial,L1-skip,42,False
3,0.4675488611485096,0.4857080429792404,0.6598045916931367,A4,rel-trial,L1-skip,42,False
4,0.4615851596314856,0.4832049831748009,0.6585536926094202,A4,rel-trial,L1-skip,42,False
5,0.4587249502222589,0.4971519783139229,0.6656972198767864,A4,rel-trial,L1-skip,42,True
1,0.492864819917273,0.4984886795282364,0.622286554175099,A4,rel-trial,L1-skip,43,False
2,0.47651397547823315,0.5013524070382118,0.6536081737320127,A4,rel-trial,L1-skip,43,False
3,0.46857947428175745,0.49354275315999985,0.6507936507936508,A4,rel-trial,L1-skip,43,False
4,0.4638392519443593,0.4879390001296997,0.6500520463368762,A4,rel-trial,L1-skip,43,True
1,0.49321562368819055,0.49521221220493317,0.6278083801303616,A4,rel-trial,L1-skip,44,False
2,0.47409573641229186,0.4860430434346199,0.6569230563038613,A4,rel-trial,L1-skip,44,False
3,0.46559295882569984,0.4876527637243271,0.6495874266772099,A4,rel-trial,L1-skip,44,False
4,0.46244003354234897,0.4857228100299835,0.6607159610255585,A4,rel-trial,L1-skip,44,False
5,0.4557677057195217,0.48390132188796997,0.6610912307506736,A4,rel-trial,L1-skip,44,True
1,0.49308006180093644,0.5007379055023193,0.6553013549917575,A4,rel-trial,L2-skip,42,False
2,0.47641485929489136,0.4812154769897461,0.6675556985154509,A4,rel-trial,L2-skip,42,False
3,0.46243556826672655,0.49495191872119904,0.6664834993008368,A4,rel-trial,L2-skip,42,False
4,0.4562086450292709,0.4828232377767563,0.6811413560639568,A4,rel-trial,L2-skip,42,False
5,0.45425925673322476,0.4830273538827896,0.6626235821282261,A4,rel-trial,L2-skip,42,True
1,0.49516178762659113,0.4993007853627205,0.6146784072480667,A4,rel-trial,L2-skip,43,False
2,0.47521436087628627,0.47743404656648636,0.6775271512113618,A4,rel-trial,L2-skip,43,False
3,0.4671480338624183,0.47708237171173096,0.6767900142513147,A4,rel-trial,L2-skip,43,False
4,0.4560397685842311,0.4870179295539856,0.6801093643198906,A4,rel-trial,L2-skip,43,False
5,0.4516234746638765,0.474868543446064,0.6731445369216267,A4,rel-trial,L2-skip,43,True
1,0.4922797641855605,0.49389704316854477,0.6578925030937415,A4,rel-trial,L2-skip,44,False
2,0.47008508190195614,0.48126687854528427,0.6739665563194975,A4,rel-trial,L2-skip,44,False
3,0.46189499091594777,0.481900118291378,0.6662735269546415,A4,rel-trial,L2-skip,44,False
4,0.4562459480255208,0.4912946745753288,0.6880749109851277,A4,rel-trial,L2-skip,44,False
5,0.4516687380506637,0.47594165056943893,0.6774914112375413,A4,rel-trial,L2-skip,44,True
1,0.49051486050828974,0.49127719551324844,0.6588038724261633,A4,rel-trial,L3-skip,42,False
2,0.472412146152334,0.4853835701942444,0.6613414105674168,A4,rel-trial,L3-skip,42,False
3,0.4637387426609689,0.5052021816372871,0.682959627232073,A4,rel-trial,L3-skip,42,False
4,0.459828201760637,0.47705981135368347,0.6766157818789398,A4,rel-trial,L3-skip,42,False
5,0.45317494552186194,0.504339799284935,0.6728228771572424,A4,rel-trial,L3-skip,42,True
1,0.49834614611686545,0.5004861205816269,0.6463082840791818,A4,rel-trial,L3-skip,43,False
2,0.4759830762731268,0.49765003472566605,0.6671402213197879,A4,rel-trial,L3-skip,43,False
3,0.46771492222522165,0.4777173772454262,0.6784474555372388,A4,rel-trial,L3-skip,43,False
4,0.457573228059931,0.5116331353783607,0.6745652008809904,A4,rel-trial,L3-skip,43,False
5,0.4547032251002941,0.48080291599035263,0.6730417844968928,A4,rel-trial,L3-skip,43,True
1,0.4983730043502564,0.49904175847768784,0.6176537600686207,A4,rel-trial,L3-skip,44,False
2,0.4748595008190642,0.4871848523616791,0.652774985592323,A4,rel-trial,L3-skip,44,False
3,0.46550038139870825,0.4813838452100754,0.6695839420297625,A4,rel-trial,L3-skip,44,False
4,0.46033779737797187,0.4923959821462631,0.6771652839764295,A4,rel-trial,L3-skip,44,False
5,0.45573493711491847,0.4814707636833191,0.6848717158314682,A4,rel-trial,L3-skip,44,True
1,0.49892273291628414,0.4976123422384262,0.6310785877349345,A4,rel-trial,L4-skip,42,False
2,0.47595647040833816,0.48657894134521484,0.6686681052006129,A4,rel-trial,L4-skip,42,False
3,0.46547627892900023,0.49777475744485855,0.6523706771384791,A4,rel-trial,L4-skip,42,False
4,0.4569312143833079,0.4927673190832138,0.6782240807008608,A4,rel-trial,L4-skip,42,False
5,0.45630056617107795,0.4831163063645363,0.6702339628036222,A4,rel-trial,L4-skip,42,True
1,0.5000555394811833,0.4978906437754631,0.6140216852291156,A4,rel-trial,L4-skip,43,False
2,0.4786053236494673,0.48314109444618225,0.6618104977238105,A4,rel-trial,L4-skip,43,False
3,0.4644197872344484,0.48369335383176804,0.6750700280112044,A4,rel-trial,L4-skip,43,False
4,0.46211387312158625,0.49328435212373734,0.6643480358650637,A4,rel-trial,L4-skip,43,False
5,0.45306185331750426,0.48130665719509125,0.6710984234204049,A4,rel-trial,L4-skip,43,True
1,0.4986197384113961,0.4939325600862503,0.6330174813146949,A4,rel-trial,L4-skip,44,False
2,0.4759315886396043,0.48600829392671585,0.6600994464771555,A4,rel-trial,L4-skip,44,False
3,0.4676707925948691,0.47673817723989487,0.6792828774252924,A4,rel-trial,L4-skip,44,False
4,0.4593528750094962,0.47645680606365204,0.6764013420360169,A4,rel-trial,L4-skip,44,False
5,0.45504607038295014,0.47086844593286514,0.6883340257953261,A4,rel-trial,L4-skip,44,True
1,0.5084690375530974,0.5028842017054558,0.6016199143134129,A4,rel-trial,L6-skip,42,False
2,0.4832909069162734,0.5339010655879974,0.673738713986392,A4,rel-trial,L6-skip,42,False
3,0.47156841260321597,0.49387461692094803,0.6591702071578234,A4,rel-trial,L6-skip,42,False
4,0.4613802490082193,0.482304148375988,0.6796894196275002,A4,rel-trial,L6-skip,42,False
5,0.45471942361364975,0.47730132937431335,0.6736873377740251,A4,rel-trial,L6-skip,42,True
1,0.5037111031248215,0.5118125528097153,0.6355103444886727,A4,rel-trial,L6-skip,43,False
2,0.47862859102005656,0.47818680107593536,0.674538395900625,A4,rel-trial,L6-skip,43,False
3,0.46626252443232435,0.48129142820835114,0.6634187965457315,A4,rel-trial,L6-skip,43,False
4,0.4612427277767912,0.48236552625894547,0.670327780234901,A4,rel-trial,L6-skip,43,True
1,0.5118121796465934,0.5002074390649796,0.6294747564097409,A4,rel-trial,L6-skip,44,False
2,0.4781172535520919,0.49639056622982025,0.6347061950777121,A4,rel-trial,L6-skip,44,False
3,0.47021636113207393,0.49058685451745987,0.6517273576097106,A4,rel-trial,L6-skip,44,False
4,0.4638931072772817,0.48780999332666397,0.6583928627272282,A4,rel-trial,L6-skip,44,False
5,0.4563292962439517,0.4843497797846794,0.658232032845036,A4,rel-trial,L6-skip,44,True
1,0.5310542120578441,0.5013284087181091,0.6127841886355818,A4,rel-trial,L8-skip,42,False
2,0.4869064098977028,0.48565730452537537,0.6585626276028753,A4,rel-trial,L8-skip,42,False
3,0.4739690537148334,0.4837943837046623,0.6602915488364406,A4,rel-trial,L8-skip,42,False
4,0.4670448322245415,0.48916589468717575,0.6532105665232601,A4,rel-trial,L8-skip,42,False
5,0.46074735801270666,0.4827476665377617,0.6773439838455318,A4,rel-trial,L8-skip,42,True
1,0.5208996255347069,0.5078896880149841,0.604675682075063,A4,rel-trial,L8-skip,43,False
2,0.49080754467781557,0.4937228262424469,0.651803305054079,A4,rel-trial,L8-skip,43,False
3,0.4745387352527456,0.48438001424074173,0.6609080633848436,A4,rel-trial,L8-skip,43,False
4,0.46669682796965256,0.4969406798481941,0.6579014380871966,A4,rel-trial,L8-skip,43,False
5,0.45933142811694044,0.47700317949056625,0.6799530019344262,A4,rel-trial,L8-skip,43,True
1,0.5383225590624707,0.51173335313797,0.6026072310902033,A4,rel-trial,L8-skip,44,False
2,0.4906421893454613,0.4943559840321541,0.6394908840729274,A4,rel-trial,L8-skip,44,False
3,0.4748431773895913,0.4864674508571625,0.6459598193344325,A4,rel-trial,L8-skip,44,False
4,0.4656764376670756,0.4819871783256531,0.6602424063724375,A4,rel-trial,L8-skip,44,False
5,0.46272418156583256,0.48540662974119186,0.667939903234021,A4,rel-trial,L8-skip,44,True
1,1.3167316019535065,1.023614913225174,0.6903843327454439,A3,rel-stack,id,42,False
2,1.2870446840922039,0.959657683968544,0.7225069811875366,A3,rel-stack,id,42,False
3,1.1269162992636363,0.8957199603319168,0.7423023221634333,A3,rel-stack,id,42,False
4,0.8136115968227386,1.1493099480867386,0.7235174162257496,A3,rel-stack,id,42,False
5,0.4387091075380643,1.4288278818130493,0.7057796884185772,A3,rel-stack,id,42,False
6,0.23704569538434347,2.829187035560608,0.6776712228101117,A3,rel-stack,id,42,True
1,1.3197658856709797,1.0370622873306274,0.6824845679012345,A3,rel-stack,id,43,False
2,1.28993421792984,0.979873538017273,0.7066890799529688,A3,rel-stack,id,43,False
3,1.131635770201683,0.942822128534317,0.6995149911816579,A3,rel-stack,id,43,False
4,0.8209615498781204,1.2315018773078918,0.6771384479717814,A3,rel-stack,id,43,False
5,0.4240114738543828,2.2361751794815063,0.6172288359788359,A3,rel-stack,id,43,True
1,1.3244851728280385,1.0249508023262024,0.7033959803057024,A3,rel-stack,id,44,False
2,1.3050567110379536,1.0095488727092743,0.7165913433274544,A3,rel-stack,id,44,False
3,1.2011196116606395,0.8931691199541092,0.7083333333333334,A3,rel-stack,id,44,False
4,0.9112719943126043,1.1609960496425629,0.6601906966490301,A3,rel-stack,id,44,False
5,0.49090927839279175,1.856697529554367,0.6428938859494415,A3,rel-stack,id,44,True
1,1.3102638224760692,1.0208173245191574,0.7426927175191065,A3,rel-stack,column,42,False
2,1.192269504070282,0.856476292014122,0.8042419900058788,A3,rel-stack,column,42,False
3,1.1378589272499084,1.0632617771625519,0.7958921222810112,A3,rel-stack,column,42,False
4,1.1111672868331273,0.9444505721330643,0.8179196061140506,A3,rel-stack,column,42,False
5,1.0822885185480118,0.9050938934087753,0.8283362727807172,A3,rel-stack,column,42,False
6,1.0341147234042485,0.8158156126737595,0.822990152851264,A3,rel-stack,column,42,False
7,1.0325607707103093,0.8884784430265427,0.8129225455614345,A3,rel-stack,column,42,False
8,0.9917550732692083,0.8938623815774918,0.80095348324515,A3,rel-stack,column,42,True
1,1.314718226591746,0.9997189044952393,0.7893426660787771,A3,rel-stack,column,43,False
2,1.2569213509559631,1.0986095368862152,0.7732767489711934,A3,rel-stack,column,43,False
3,1.1852602610985439,0.9299490302801132,0.8032223691945914,A3,rel-stack,column,43,False
4,1.143396760026614,0.8412981927394867,0.822990152851264,A3,rel-stack,column,43,False
5,1.1278738627831142,0.8529616296291351,0.8093125367430923,A3,rel-stack,column,43,False
6,1.0831206738948822,0.824613630771637,0.8285016166960611,A3,rel-stack,column,43,False
7,1.0790785054365795,0.7945123165845871,0.7952031893004116,A3,rel-stack,column,43,False
8,1.0310366600751877,0.7645381093025208,0.8247905643738977,A3,rel-stack,column,43,False
9,0.9783886820077896,0.8040301650762558,0.8148791152263375,A3,rel-stack,column,43,True
1,1.3077405790487926,0.9788435250520706,0.7550154320987654,A3,rel-stack,column,44,False
2,1.195401628812154,0.8084941804409027,0.797527189888301,A3,rel-stack,column,44,False
3,1.1982164879639943,0.9446966797113419,0.78125,A3,rel-stack,column,44,False
4,1.131737579902013,0.8317032009363174,0.8168907995296885,A3,rel-stack,column,44,False
5,1.0848690420389175,0.8143332153558731,0.826140873015873,A3,rel-stack,column,44,False
6,1.0755690187215805,0.8055807948112488,0.8204732510288066,A3,rel-stack,column,44,False
7,1.0398201495409012,0.7748179286718369,0.8382844650205762,A3,rel-stack,column,44,False
8,0.9838670939207077,0.8083908259868622,0.8065200617283951,A3,rel-stack,column,44,False
9,0.9409335305293401,0.8213631063699722,0.819426072898295,A3,rel-stack,column,44,False
10,0.9329100648562113,0.8125932067632675,0.804563492063492,A3,rel-stack,column,44,True
1,1.3145270744959514,1.0321058183908463,0.7255107289829511,A3,rel-stack,llm,42,False
2,1.2807913025220234,0.9662707448005676,0.7258873456790124,A3,rel-stack,llm,42,False
3,1.2043524483839672,0.9440382122993469,0.7395006613756614,A3,rel-stack,llm,42,False
4,1.166217416524887,0.9069522172212601,0.7417419900058789,A3,rel-stack,llm,42,False
5,1.12710539996624,0.8766191303730011,0.7585519547325102,A3,rel-stack,llm,42,False
6,1.0814229796330135,0.9808943569660187,0.7703740446796002,A3,rel-stack,llm,42,False
7,1.0518308132886887,0.9043728858232498,0.7725602586713698,A3,rel-stack,llm,42,False
8,1.0125753581523895,0.8679156601428986,0.7754997060552616,A3,rel-stack,llm,42,False
9,0.9480169167121252,0.8522085398435593,0.7769694297472076,A3,rel-stack,llm,42,False
10,0.9298701286315918,0.8209082186222076,0.7685001469723691,A3,rel-stack,llm,42,True
1,1.3254976272583008,1.0277595221996307,0.7204126249265138,A3,rel-stack,llm,43,False
2,1.3020294606685638,0.9793838560581207,0.7235817166372721,A3,rel-stack,llm,43,False
3,1.2055652737617493,0.9494530111551285,0.7401987801293357,A3,rel-stack,llm,43,False
4,1.1672896196444829,1.0306904911994934,0.7532976925338036,A3,rel-stack,llm,43,False
5,1.1136184732119243,0.9051796346902847,0.766166960611405,A3,rel-stack,llm,43,False
6,1.0501840263605118,0.8505819141864777,0.7754721487360376,A3,rel-stack,llm,43,False
7,0.9952275107304255,0.8963203728199005,0.7736258083480306,A3,rel-stack,llm,43,False
8,0.9637019783258438,0.8433347642421722,0.770704732510288,A3,rel-stack,llm,43,False
9,0.8881884713967642,0.8464376330375671,0.7667089212228101,A3,rel-stack,llm,43,True
1,1.3154618839422862,1.0322336703538895,0.7230305702527925,A3,rel-stack,llm,44,False
2,1.282095233599345,0.9556762427091599,0.725951646090535,A3,rel-stack,llm,44,False
3,1.1829484105110168,1.023092359304428,0.7421002351557907,A3,rel-stack,llm,44,False
4,1.1730406234661739,0.8782488405704498,0.7435699588477366,A3,rel-stack,llm,44,False
5,1.108677292863528,0.8322956711053848,0.7632550705467372,A3,rel-stack,llm,44,False
6,1.0571624437967937,0.8134780526161194,0.7658730158730158,A3,rel-stack,llm,44,False
7,1.06037537753582,0.826075404882431,0.770814961787184,A3,rel-stack,llm,44,False
8,1.0013401061296463,0.832580178976059,0.7689961787184009,A3,rel-stack,llm,44,False
9,0.9378353307644526,0.8295416235923767,0.7708884479717812,A3,rel-stack,llm,44,False
10,0.8865834573904673,0.8551501482725143,0.7772725602586714,A3,rel-stack,llm,44,True
1,0.50287959476312,0.5178183913230896,0.47508253700204167,A3,rel-trial,id,42,False
2,0.5017258003354073,0.518541157245636,0.4806490379245798,A3,rel-trial,id,42,False
3,0.49819506456454593,0.516819953918457,0.51075103087487,A3,rel-trial,id,42,False
4,0.46101783712704975,0.5711894929409027,0.518645097592466,A3,rel-trial,id,42,False
5,0.28592975561817485,0.9664289355278015,0.5028033541965431,A3,rel-trial,id,42,False
6,0.11048426292836666,1.2110831141471863,0.4955995157233547,A3,rel-trial,id,42,False
7,0.02342714776750654,1.8077294826507568,0.48947457770987185,A3,rel-trial,id,42,True
1,0.5027487352490425,0.5177035927772522,0.5001898686109213,A3,rel-trial,id,43,False
2,0.5019157429536184,0.5184192359447479,0.499352212974504,A3,rel-trial,id,43,False
3,0.4987000847856204,0.5183089375495911,0.5078516254986842,A3,rel-trial,id,43,False
4,0.46191147714853287,0.5744246244430542,0.49809014514896865,A3,rel-trial,id,43,False
5,0.2923811376094818,0.9235594570636749,0.49154526244309527,A3,rel-trial,id,43,False
6,0.12123424497743447,1.2449397444725037,0.4927246815791708,A3,rel-trial,id,43,True
1,0.5024373680353165,0.5201155543327332,0.474126492702344,A3,rel-trial,id,44,False
2,0.5016178960601488,0.5187924802303314,0.49755404554166166,A3,rel-trial,id,44,False
3,0.49854982395966846,0.5204111337661743,0.5215311004784688,A3,rel-trial,id,44,False
4,0.46092549463113147,0.5686012208461761,0.519980879114006,A3,rel-trial,id,44,False
5,0.29847149178385735,0.9047435522079468,0.5258601048074732,A3,rel-trial,id,44,False
6,0.1199313613275687,1.37577486038208,0.5233449041498577,A3,rel-trial,id,44,False
7,0.028658235135177772,1.7384281754493713,0.5278794133283298,A3,rel-trial,id,44,False
8,0.0037691023074633754,2.3716129064559937,0.530296329057939,A3,rel-trial,id,44,False
9,0.000479221324591587,2.557942271232605,0.5319023941314963,A3,rel-trial,id,44,False
10,0.00012093843846135617,2.761293411254883,0.5311808934099956,A3,rel-trial,id,44,True
1,0.5022401163975397,0.5150075256824493,0.6185897006330443,A3,rel-trial,column,42,False
2,0.4921448429425557,0.49703945219516754,0.6509410781856602,A3,rel-trial,column,42,False
3,0.4765126332640648,0.4915674477815628,0.6689316875075388,A3,rel-trial,column,42,False
4,0.4649800856908162,0.4871031194925308,0.6767989492447697,A3,rel-trial,column,42,False
5,0.463701826830705,0.4883490651845932,0.6666845366535769,A3,rel-trial,column,42,False
6,0.45695972194274265,0.48750467598438263,0.6784072480666907,A3,rel-trial,column,42,False
7,0.4522484814127286,0.4868766665458679,0.6596392943142171,A3,rel-trial,column,42,False
8,0.44389475385348004,0.48796261847019196,0.6753023378410377,A3,rel-trial,column,42,False
9,0.4375794182221095,0.47639399766921997,0.6816193782138056,A3,rel-trial,column,42,False
10,0.4371540794769923,0.48085305094718933,0.6701334441272522,A3,rel-trial,column,42,True
1,0.5019493599732717,0.5146963000297546,0.5722885645486265,A3,rel-trial,column,43,False
2,0.49262764553229016,0.5045430660247803,0.6231219760631526,A3,rel-trial,column,43,False
3,0.48076412826776505,0.4875430017709732,0.6535500962745546,A3,rel-trial,column,43,False
4,0.4743531867861748,0.4848082810640335,0.6601709264247966,A3,rel-trial,column,43,False
5,0.4687939261396726,0.48434530198574066,0.6661305670593597,A3,rel-trial,column,43,False
6,0.45832671225070953,0.4898715168237686,0.663767261290481,A3,rel-trial,column,43,False
7,0.45592571546634036,0.4776518940925598,0.6751459754555731,A3,rel-trial,column,43,False
8,0.451111376285553,0.4843900352716446,0.6771340114993365,A3,rel-trial,column,43,False
9,0.44250090171893436,0.4954613149166107,0.6759679948534437,A3,rel-trial,column,43,False
10,0.4366491412123044,0.4941113442182541,0.6617970952336277,A3,rel-trial,column,43,True
1,0.5023978824416796,0.5158864855766296,0.5991493886230729,A3,rel-trial,column,44,False
2,0.49441592892011005,0.5001431703567505,0.6205755029284441,A3,rel-trial,column,44,False
3,0.47648805131514865,0.48213987052440643,0.6721170126742883,A3,rel-trial,column,44,False
4,0.4700366382797559,0.4886677414178848,0.6567309539445763,A3,rel-trial,column,44,False
5,0.4630417649944623,0.484917014837265,0.6720142602495545,A3,rel-trial,column,44,False
6,0.45589345196882886,0.4808974266052246,0.6688423375729877,A3,rel-trial,column,44,True
1,0.5025631934404373,0.5184321701526642,0.5223419511345209,A3,rel-trial,llm,42,False
2,0.5021610955397288,0.5179254114627838,0.5574274366844028,A3,rel-trial,llm,42,False
3,0.5016190881530443,0.515472948551178,0.5960824521196039,A3,rel-trial,llm,42,False
4,0.4954691330591838,0.5097992718219757,0.6086785591429554,A3,rel-trial,llm,42,False
5,0.4820902148882548,0.4978737533092499,0.6127663186486716,A3,rel-trial,llm,42,False
6,0.4744762231906255,0.49730105698108673,0.6223625016194676,A3,rel-trial,llm,42,False
7,0.46569953113794327,0.5000056028366089,0.6337367482878319,A3,rel-trial,llm,42,False
8,0.45960503071546555,0.48363031446933746,0.6419212022927194,A3,rel-trial,llm,42,False
9,0.4589184547464053,0.4981837123632431,0.6429531940367854,A3,rel-trial,llm,42,False
10,0.4503468821446101,0.494747593998909,0.6447267902376261,A3,rel-trial,llm,42,True
1,0.5026234661539396,0.5181235373020172,0.6059489186424171,A3,rel-trial,llm,43,False
2,0.5024397944410642,0.5180919766426086,0.6163068098052618,A3,rel-trial,llm,43,False
3,0.5015764161944389,0.5179838836193085,0.6103806753961553,A3,rel-trial,llm,43,False
4,0.4942670688033104,0.5118026435375214,0.613016498465415,A3,rel-trial,llm,43,False
5,0.48263007402420044,0.5018214285373688,0.6062482409231635,A3,rel-trial,llm,43,True
1,0.5024820442001025,0.518683522939682,0.596323696942892,A3,rel-trial,llm,44,False
2,0.5021438002586365,0.5185113549232483,0.5876500520463369,A3,rel-trial,llm,44,False
3,0.5013418545325597,0.5173179507255554,0.6180580685224648,A3,rel-trial,llm,44,False
4,0.4925103311737378,0.4981687664985657,0.6032952255862473,A3,rel-trial,llm,44,False
5,0.4823727235198021,0.4991140216588974,0.6052832616300109,A3,rel-trial,llm,44,False
6,0.4743949274222056,0.49488477408885956,0.6215270797314142,A3,rel-trial,llm,44,False
7,0.4685599108537038,0.4882911592721939,0.6324322392433848,A3,rel-trial,llm,44,False
8,0.46513696511586505,0.48605574667453766,0.6371767207680521,A3,rel-trial,llm,44,False
9,0.455874169866244,0.4861191213130951,0.6488190172400699,A3,rel-trial,llm,44,False
10,0.4515902226169904,0.4925418347120285,0.6505613409638178,A3,rel-trial,llm,44,True
